unique_id,window.scrollY,window.scrollX,board_center_x,board_center_y,board_bullseye_radius,board_outerRing_radius,startExperimentTime,endExperimentTime,startTrialTime,endTrialTime,trial_num,condition,trial_duration,which_throw,arrow_startingDirection,H_animation_speed_time,arrow_H_moving_duration,arrow_H_stopping_x,arrow_H_stopping_y,arrow_V_stopping_x,arrow_V_stopping_y,strength_duration,up_distance_traveled,up_distance_unit,distance_from_radius,which_ring,which_quadrant,throw_score,trial_score,total_score,played_response,difficulty_response,press_space_response,press_enter_response,dominant_hand_response,frequency_response,names_response,race_response,gender_response,education_response,income_response,country_response,age_response,id
WLL-02ekifyyycjfuyz1n1ravpl,0,0,626,181,14,140,Wed Dec 22 2021 13:57:14 GMT-0600 (Central Standard Time),endExperimentTime_NULL,Wed Dec 22 2021 13:58:56 GMT-0600 (Central Standard Time),Wed Dec 22 2021 13:59:01 GMT-0600 (Central Standard Time),1,main,5313,0,right,1000,3470,540.15625,604.7,544.95625,552.59375,168,50.4,300,380.3288109690416,missed,bottom-left,0,0,0,played_response_NULL,difficulty_response_NULL,press_space_response_NULL,press_enter_response_NULL,dominant_hand_response_NULL,frequency_response_NULL,names_response_NULL,race_response_NULL,gender_response_NULL,education_response_NULL,income_response_NULL,country_response_NULL,age_response_NULL,1
WLL-02ekifyyycjfuyz1n1ravpl,0,0,626,181,14,140,Wed Dec 22 2021 13:57:14 GMT-0600 (Central Standard Time),endExperimentTime_NULL,NA,Wed Dec 22 2021 13:59:09 GMT-0600 (Central Standard Time),1,main,1640203149604,1,right,1000,4609,513.515625,604.7,518.315625,550.5,175,52.5,300,384.8716339497374,missed,bottom-left,0,0,0,played_response_NULL,difficulty_response_NULL,press_space_response_NULL,press_enter_response_NULL,dominant_hand_response_NULL,frequency_response_NULL,names_response_NULL,race_response_NULL,gender_response_NULL,education_response_NULL,income_response_NULL,country_response_NULL,age_response_NULL,2
WLL-02ekifyyycjfuyz1n1ravpl,0,0,626,181,14,140,Wed Dec 22 2021 13:57:14 GMT-0600 (Central Standard Time),endExperimentTime_NULL,NA,Wed Dec 22 2021 13:59:17 GMT-0600 (Central Standard Time),1,main,1640203157609,2,right,1000,1442,538.671875,604.7,543.471875,-114.59375,2392,717.6,300,306.8982835648941,missed,top-left,0,0,0,played_response_NULL,difficulty_response_NULL,press_space_response_NULL,press_enter_response_NULL,dominant_hand_response_NULL,frequency_response_NULL,names_response_NULL,race_response_NULL,gender_response_NULL,education_response_NULL,income_response_NULL,country_response_NULL,age_response_NULL,3
WLL-02ekifyyycjfuyz1n1ravpl,0,0,626,181,14,140,Wed Dec 22 2021 13:57:14 GMT-0600 (Central Standard Time),endExperimentTime_NULL,NA,Wed Dec 22 2021 13:59:25 GMT-0600 (Central Standard Time),1,main,1640203165853,3,right,1000,2533,612.5625,604.7,617.3625,384.59375,728,218.4,300,203.77689134274402,missed,bottom-left,0,0,0,played_response_NULL,difficulty_response_NULL,press_space_response_NULL,press_enter_response_NULL,dominant_hand_response_NULL,frequency_response_NULL,names_response_NULL,race_response_NULL,gender_response_NULL,education_response_NULL,income_response_NULL,country_response_NULL,age_response_NULL,4
WLL-02ekifyyycjfuyz1n1ravpl,0,0,626,181,14,140,Wed Dec 22 2021 13:57:14 GMT-0600 (Central Standard Time),endExperimentTime_NULL,NA,Wed Dec 22 2021 13:59:32 GMT-0600 (Central Standard Time),1,main,1640203172671,4,right,1000,1522,667.375,604.7,672.175,89.6875,1711,513.3,300,102.32352261943485,black,top-right,10,10,10,played_response_NULL,difficulty_response_NULL,press_space_response_NULL,press_enter_response_NULL,dominant_hand_response_NULL,frequency_response_NULL,names_response_NULL,race_response_NULL,gender_response_NULL,education_response_NULL,income_response_NULL,country_response_NULL,age_response_NULL,5
WLL-02ekifyyycjfuyz1n1ravpl,0,0,626,181,14,140,Wed Dec 22 2021 13:57:14 GMT-0600 (Central Standard Time),endExperimentTime_NULL,Wed Dec 22 2021 13:59:37 GMT-0600 (Central Standard Time),Wed Dec 22 2021 13:59:45 GMT-0600 (Central Standard Time),2,main,7903,0,left,1000,2571,727.359375,604.7,732.159375,199.796875,1344,403.2,300,107.81064608913277,black,bottom-right,10,10,20,played_response_NULL,difficulty_response_NULL,press_space_response_NULL,press_enter_response_NULL,dominant_hand_response_NULL,frequency_response_NULL,names_response_NULL,race_response_NULL,gender_response_NULL,education_response_NULL,income_response_NULL,country_response_NULL,age_response_NULL,6
WLL-02ekifyyycjfuyz1n1ravpl,0,0,626,181,14,140,Wed Dec 22 2021 13:57:14 GMT-0600 (Central Standard Time),endExperimentTime_NULL,NA,Wed Dec 22 2021 13:59:51 GMT-0600 (Central Standard Time),2,main,1640203191328,1,left,1000,1573,575.625,604.7,580.425,355.796875,824,247.2,300,180.64060488928183,missed,bottom-left,0,10,20,played_response_NULL,difficulty_response_NULL,press_space_response_NULL,press_enter_response_NULL,dominant_hand_response_NULL,frequency_response_NULL,names_response_NULL,race_response_NULL,gender_response_NULL,education_response_NULL,income_response_NULL,country_response_NULL,age_response_NULL,7
WLL-02ekifyyycjfuyz1n1ravpl,0,0,626,181,14,140,Wed Dec 22 2021 13:57:14 GMT-0600 (Central Standard Time),endExperimentTime_NULL,NA,Wed Dec 22 2021 13:59:57 GMT-0600 (Central Standard Time),2,main,1640203197343,2,left,1000,1560,601.296875,604.7,606.096875,250.1875,1176,352.8,300,71.99336456240691,blue,bottom-left,20,30,40,played_response_NULL,difficulty_response_NULL,press_space_response_NULL,press_enter_response_NULL,dominant_hand_response_NULL,frequency_response_NULL,names_response_NULL,race_response_NULL,gender_response_NULL,education_response_NULL,income_response_NULL,country_response_NULL,age_response_NULL,8
WLL-02ekifyyycjfuyz1n1ravpl,0,0,626,181,14,140,Wed Dec 22 2021 13:57:14 GMT-0600 (Central Standard Time),endExperimentTime_NULL,NA,Wed Dec 22 2021 14:00:03 GMT-0600 (Central Standard Time),2,main,1640203203481,3,left,1000,1583,550.15625,604.7,554.95625,238.1875,1216,364.8,300,91.20101189302949,black,bottom-left,10,40,50,played_response_NULL,difficulty_response_NULL,press_space_response_NULL,press_enter_response_NULL,dominant_hand_response_NULL,frequency_response_NULL,names_response_NULL,race_response_NULL,gender_response_NULL,education_response_NULL,income_response_NULL,country_response_NULL,age_response_NULL,9
WLL-02ekifyyycjfuyz1n1ravpl,0,0,626,181,14,140,Wed Dec 22 2021 13:57:14 GMT-0600 (Central Standard Time),endExperimentTime_NULL,NA,Wed Dec 22 2021 14:00:09 GMT-0600 (Central Standard Time),2,main,1640203209948,4,left,1000,1548,599.78125,604.7,604.58125,214.1875,1296,388.8,300,39.49902540332485,red,bottom-left,30,70,80,played_response_NULL,difficulty_response_NULL,press_space_response_NULL,press_enter_response_NULL,dominant_hand_response_NULL,frequency_response_NULL,names_response_NULL,race_response_NULL,gender_response_NULL,education_response_NULL,income_response_NULL,country_response_NULL,age_response_NULL,10
WLL-02ekifyyycjfuyz1n1ravpl,0,0,626,181,14,140,Wed Dec 22 2021 13:57:14 GMT-0600 (Central Standard Time),endExperimentTime_NULL,Wed Dec 22 2021 14:00:14 GMT-0600 (Central Standard Time),Wed Dec 22 2021 14:00:21 GMT-0600 (Central Standard Time),3,main,6866,0,right,1000,1372,422.671875,604.7,427.471875,288.59375,1048,314.4,300,225.80928115353922,missed,bottom-left,0,0,80,played_response_NULL,difficulty_response_NULL,press_space_response_NULL,press_enter_response_NULL,dominant_hand_response_NULL,frequency_response_NULL,names_response_NULL,race_response_NULL,gender_response_NULL,education_response_NULL,income_response_NULL,country_response_NULL,age_response_NULL,11
WLL-02ekifyyycjfuyz1n1ravpl,0,0,626,181,14,140,Wed Dec 22 2021 13:57:14 GMT-0600 (Central Standard Time),endExperimentTime_NULL,NA,Wed Dec 22 2021 14:00:27 GMT-0600 (Central Standard Time),3,main,1640203227955,1,right,1000,1556,691.6875,604.7,696.4875,70.1875,1776,532.8,300,131.33125223076186,white,top-right,5,5,85,played_response_NULL,difficulty_response_NULL,press_space_response_NULL,press_enter_response_NULL,dominant_hand_response_NULL,frequency_response_NULL,names_response_NULL,race_response_NULL,gender_response_NULL,education_response_NULL,income_response_NULL,country_response_NULL,age_response_NULL,12
WLL-02ekifyyycjfuyz1n1ravpl,0,0,626,181,14,140,Wed Dec 22 2021 13:57:14 GMT-0600 (Central Standard Time),endExperimentTime_NULL,NA,Wed Dec 22 2021 14:00:34 GMT-0600 (Central Standard Time),3,main,1640203234061,2,right,1000,1552,691.6875,604.7,696.4875,223.796875,1264,379.2,300,82.46247732160136,blue,bottom-right,20,25,105,played_response_NULL,difficulty_response_NULL,press_space_response_NULL,press_enter_response_NULL,dominant_hand_response_NULL,frequency_response_NULL,names_response_NULL,race_response_NULL,gender_response_NULL,education_response_NULL,income_response_NULL,country_response_NULL,age_response_NULL,13
WLL-02ekifyyycjfuyz1n1ravpl,0,0,626,181,14,140,Wed Dec 22 2021 13:57:14 GMT-0600 (Central Standard Time),endExperimentTime_NULL,NA,Wed Dec 22 2021 14:00:39 GMT-0600 (Central Standard Time),3,main,1640203239841,3,right,1000,1469,567.125,604.7,571.925,286.1875,1056,316.8,300,118.27305602397362,white,bottom-left,5,30,110,played_response_NULL,difficulty_response_NULL,press_space_response_NULL,press_enter_response_NULL,dominant_hand_response_NULL,frequency_response_NULL,names_response_NULL,race_response_NULL,gender_response_NULL,education_response_NULL,income_response_NULL,country_response_NULL,age_response_NULL,14
WLL-02ekifyyycjfuyz1n1ravpl,0,0,626,181,14,140,Wed Dec 22 2021 13:57:14 GMT-0600 (Central Standard Time),endExperimentTime_NULL,NA,Wed Dec 22 2021 14:00:46 GMT-0600 (Central Standard Time),3,main,1640203246239,4,right,1000,1549,694.71875,604.7,699.51875,190.5,1375,412.5,300,74.12999798706657,blue,bottom-right,20,50,130,played_response_NULL,difficulty_response_NULL,press_space_response_NULL,press_enter_response_NULL,dominant_hand_response_NULL,frequency_response_NULL,names_response_NULL,race_response_NULL,gender_response_NULL,education_response_NULL,income_response_NULL,country_response_NULL,age_response_NULL,15
WLL-02ekifyyycjfuyz1n1ravpl,0,0,626,181,14,140,Wed Dec 22 2021 13:57:14 GMT-0600 (Central Standard Time),endExperimentTime_NULL,Wed Dec 22 2021 14:00:49 GMT-0600 (Central Standard Time),Wed Dec 22 2021 14:00:54 GMT-0600 (Central Standard Time),4,main,4690,0,right,1000,2599,513.515625,604.7,518.315625,303,1000,300,300,162.72653323641057,missed,bottom-left,0,0,130,played_response_NULL,difficulty_response_NULL,press_space_response_NULL,press_enter_response_NULL,dominant_hand_response_NULL,frequency_response_NULL,names_response_NULL,race_response_NULL,gender_response_NULL,education_response_NULL,income_response_NULL,country_response_NULL,age_response_NULL,16
WLL-02ekifyyycjfuyz1n1ravpl,0,0,626,181,14,140,Wed Dec 22 2021 13:57:14 GMT-0600 (Central Standard Time),endExperimentTime_NULL,NA,Wed Dec 22 2021 14:01:01 GMT-0600 (Central Standard Time),4,main,1640203261118,1,right,1000,1496,617.125,604.7,621.925,127.796875,1584,475.2,300,53.35895552543757,red,top-left,30,30,160,played_response_NULL,difficulty_response_NULL,press_space_response_NULL,press_enter_response_NULL,dominant_hand_response_NULL,frequency_response_NULL,names_response_NULL,race_response_NULL,gender_response_NULL,education_response_NULL,income_response_NULL,country_response_NULL,age_response_NULL,17
WLL-02ekifyyycjfuyz1n1ravpl,0,0,626,181,14,140,Wed Dec 22 2021 13:57:14 GMT-0600 (Central Standard Time),endExperimentTime_NULL,NA,Wed Dec 22 2021 14:01:07 GMT-0600 (Central Standard Time),4,main,1640203267092,2,right,1000,1512,617.125,604.7,621.925,267,1120,336,300,86.09649020140135,black,bottom-left,10,40,170,played_response_NULL,difficulty_response_NULL,press_space_response_NULL,press_enter_response_NULL,dominant_hand_response_NULL,frequency_response_NULL,names_response_NULL,race_response_NULL,gender_response_NULL,education_response_NULL,income_response_NULL,country_response_NULL,age_response_NULL,18
WLL-02ekifyyycjfuyz1n1ravpl,0,0,626,181,14,140,Wed Dec 22 2021 13:57:14 GMT-0600 (Central Standard Time),endExperimentTime_NULL,NA,Wed Dec 22 2021 14:01:12 GMT-0600 (Central Standard Time),4,main,1640203272937,3,right,1000,1535,665.859375,604.7,670.659375,259.796875,1144,343.2,300,90.57266301239157,black,bottom-right,10,50,180,played_response_NULL,difficulty_response_NULL,press_space_response_NULL,press_enter_response_NULL,dominant_hand_response_NULL,frequency_response_NULL,names_response_NULL,race_response_NULL,gender_response_NULL,education_response_NULL,income_response_NULL,country_response_NULL,age_response_NULL,19
WLL-02ekifyyycjfuyz1n1ravpl,0,0,626,181,14,140,Wed Dec 22 2021 13:57:14 GMT-0600 (Central Standard Time),endExperimentTime_NULL,NA,Wed Dec 22 2021 14:01:19 GMT-0600 (Central Standard Time),4,main,1640203279138,4,right,1000,1526,667.375,604.7,672.175,199.796875,1344,403.2,300,49.854319118463756,red,bottom-right,30,80,210,played_response_NULL,difficulty_response_NULL,press_space_response_NULL,press_enter_response_NULL,dominant_hand_response_NULL,frequency_response_NULL,names_response_NULL,race_response_NULL,gender_response_NULL,education_response_NULL,income_response_NULL,country_response_NULL,age_response_NULL,20
WLL-02ekifyyycjfuyz1n1ravpl,0,0,626,181,14,140,Wed Dec 22 2021 13:57:14 GMT-0600 (Central Standard Time),endExperimentTime_NULL,Wed Dec 22 2021 14:01:22 GMT-0600 (Central Standard Time),Wed Dec 22 2021 14:01:26 GMT-0600 (Central Standard Time),5,main,4264,0,left,1000,1636,480.0625,604.7,484.8625,243,1200,360,300,154.15509691946613,missed,bottom-left,0,0,210,played_response_NULL,difficulty_response_NULL,press_space_response_NULL,press_enter_response_NULL,dominant_hand_response_NULL,frequency_response_NULL,names_response_NULL,race_response_NULL,gender_response_NULL,education_response_NULL,income_response_NULL,country_response_NULL,age_response_NULL,21
WLL-02ekifyyycjfuyz1n1ravpl,0,0,626,181,14,140,Wed Dec 22 2021 13:57:14 GMT-0600 (Central Standard Time),endExperimentTime_NULL,NA,Wed Dec 22 2021 14:01:33 GMT-0600 (Central Standard Time),5,main,1640203293182,1,left,1000,1550,599.78125,604.7,604.58125,149.390625,1512,453.6,300,38.182658884016014,red,top-left,30,30,240,played_response_NULL,difficulty_response_NULL,press_space_response_NULL,press_enter_response_NULL,dominant_hand_response_NULL,frequency_response_NULL,names_response_NULL,race_response_NULL,gender_response_NULL,education_response_NULL,income_response_NULL,country_response_NULL,age_response_NULL,22
WLL-02ekifyyycjfuyz1n1ravpl,0,0,626,181,14,140,Wed Dec 22 2021 13:57:14 GMT-0600 (Central Standard Time),endExperimentTime_NULL,NA,Wed Dec 22 2021 14:01:40 GMT-0600 (Central Standard Time),5,main,1640203300451,2,left,1000,2529,675.859375,604.7,680.659375,183,1400,420,300,54.69595300742661,red,bottom-right,30,60,270,played_response_NULL,difficulty_response_NULL,press_space_response_NULL,press_enter_response_NULL,dominant_hand_response_NULL,frequency_response_NULL,names_response_NULL,race_response_NULL,gender_response_NULL,education_response_NULL,income_response_NULL,country_response_NULL,age_response_NULL,23
WLL-02ekifyyycjfuyz1n1ravpl,0,0,626,181,14,140,Wed Dec 22 2021 13:57:14 GMT-0600 (Central Standard Time),endExperimentTime_NULL,NA,Wed Dec 22 2021 14:01:45 GMT-0600 (Central Standard Time),5,main,1640203305721,3,left,1000,1656,453.296875,604.7,458.096875,483,400,120,300,345.53648054115155,missed,bottom-left,0,60,270,played_response_NULL,difficulty_response_NULL,press_space_response_NULL,press_enter_response_NULL,dominant_hand_response_NULL,frequency_response_NULL,names_response_NULL,race_response_NULL,gender_response_NULL,education_response_NULL,income_response_NULL,country_response_NULL,age_response_NULL,24
WLL-02ekifyyycjfuyz1n1ravpl,0,0,626,181,14,140,Wed Dec 22 2021 13:57:14 GMT-0600 (Central Standard Time),endExperimentTime_NULL,NA,Wed Dec 22 2021 14:01:51 GMT-0600 (Central Standard Time),5,main,1640203311925,4,left,1000,1522,649.96875,604.7,654.76875,219,1280,384,300,47.66173493026138,red,bottom-right,30,90,300,played_response_NULL,difficulty_response_NULL,press_space_response_NULL,press_enter_response_NULL,dominant_hand_response_NULL,frequency_response_NULL,names_response_NULL,race_response_NULL,gender_response_NULL,education_response_NULL,income_response_NULL,country_response_NULL,age_response_NULL,25
WLL-02ekifyyycjfuyz1n1ravpl,0,0,626,181,14,140,Wed Dec 22 2021 13:57:14 GMT-0600 (Central Standard Time),endExperimentTime_NULL,Wed Dec 22 2021 14:01:55 GMT-0600 (Central Standard Time),Wed Dec 22 2021 14:01:59 GMT-0600 (Central Standard Time),6,main,3762,0,left,1000,1536,599.78125,604.7,604.58125,351,840,252,300,171.34398983204082,missed,bottom-left,0,0,300,played_response_NULL,difficulty_response_NULL,press_space_response_NULL,press_enter_response_NULL,dominant_hand_response_NULL,frequency_response_NULL,names_response_NULL,race_response_NULL,gender_response_NULL,education_response_NULL,income_response_NULL,country_response_NULL,age_response_NULL,26
WLL-02ekifyyycjfuyz1n1ravpl,0,0,626,181,14,140,Wed Dec 22 2021 13:57:14 GMT-0600 (Central Standard Time),endExperimentTime_NULL,NA,Wed Dec 22 2021 14:02:05 GMT-0600 (Central Standard Time),6,main,1640203325715,1,left,1000,1500,675.859375,604.7,680.659375,139.796875,1544,463.2,300,68.44957841474442,blue,top-right,20,20,320,played_response_NULL,difficulty_response_NULL,press_space_response_NULL,press_enter_response_NULL,dominant_hand_response_NULL,frequency_response_NULL,names_response_NULL,race_response_NULL,gender_response_NULL,education_response_NULL,income_response_NULL,country_response_NULL,age_response_NULL,27
WLL-02ekifyyycjfuyz1n1ravpl,0,0,626,181,14,140,Wed Dec 22 2021 13:57:14 GMT-0600 (Central Standard Time),endExperimentTime_NULL,NA,Wed Dec 22 2021 14:02:11 GMT-0600 (Central Standard Time),6,main,1640203331962,2,left,1000,1654,454.6875,604.7,459.4875,226.1875,1256,376.8,300,172.53499011070187,missed,bottom-left,0,20,320,played_response_NULL,difficulty_response_NULL,press_space_response_NULL,press_enter_response_NULL,dominant_hand_response_NULL,frequency_response_NULL,names_response_NULL,race_response_NULL,gender_response_NULL,education_response_NULL,income_response_NULL,country_response_NULL,age_response_NULL,28
WLL-02ekifyyycjfuyz1n1ravpl,0,0,626,181,14,140,Wed Dec 22 2021 13:57:14 GMT-0600 (Central Standard Time),endExperimentTime_NULL,NA,Wed Dec 22 2021 14:02:18 GMT-0600 (Central Standard Time),6,main,1640203338223,3,left,1000,1454,752.828125,604.7,757.628125,190.1875,1376,412.8,300,131.94837417439297,white,bottom-right,5,25,325,played_response_NULL,difficulty_response_NULL,press_space_response_NULL,press_enter_response_NULL,dominant_hand_response_NULL,frequency_response_NULL,names_response_NULL,race_response_NULL,gender_response_NULL,education_response_NULL,income_response_NULL,country_response_NULL,age_response_NULL,29
WLL-02ekifyyycjfuyz1n1ravpl,0,0,626,181,14,140,Wed Dec 22 2021 13:57:14 GMT-0600 (Central Standard Time),endExperimentTime_NULL,NA,Wed Dec 22 2021 14:02:24 GMT-0600 (Central Standard Time),6,main,1640203344109,4,left,1000,1547,599.78125,604.7,604.58125,281.390625,1072,321.6,300,102.65008738161467,black,bottom-left,10,35,335,played_response_NULL,difficulty_response_NULL,press_space_response_NULL,press_enter_response_NULL,dominant_hand_response_NULL,frequency_response_NULL,names_response_NULL,race_response_NULL,gender_response_NULL,education_response_NULL,income_response_NULL,country_response_NULL,age_response_NULL,30
WLL-02ekifyyycjfuyz1n1ravpl,0,0,626,181,14,140,Wed Dec 22 2021 13:57:14 GMT-0600 (Central Standard Time),endExperimentTime_NULL,Wed Dec 22 2021 14:02:27 GMT-0600 (Central Standard Time),Wed Dec 22 2021 14:02:32 GMT-0600 (Central Standard Time),7,main,4514,0,right,1000,1534,668.90625,604.7,673.70625,99,1680,504,300,94.86773049389605,black,top-right,10,10,345,played_response_NULL,difficulty_response_NULL,press_space_response_NULL,press_enter_response_NULL,dominant_hand_response_NULL,frequency_response_NULL,names_response_NULL,race_response_NULL,gender_response_NULL,education_response_NULL,income_response_NULL,country_response_NULL,age_response_NULL,31
WLL-02ekifyyycjfuyz1n1ravpl,0,0,626,181,14,140,Wed Dec 22 2021 13:57:14 GMT-0600 (Central Standard Time),endExperimentTime_NULL,NA,Wed Dec 22 2021 14:02:37 GMT-0600 (Central Standard Time),7,main,1640203357862,1,right,1000,1474,568.625,604.7,573.425,319.796875,944,283.2,300,148.42069645021084,missed,bottom-left,0,10,345,played_response_NULL,difficulty_response_NULL,press_space_response_NULL,press_enter_response_NULL,dominant_hand_response_NULL,frequency_response_NULL,names_response_NULL,race_response_NULL,gender_response_NULL,education_response_NULL,income_response_NULL,country_response_NULL,age_response_NULL,32
WLL-02ekifyyycjfuyz1n1ravpl,0,0,626,181,14,140,Wed Dec 22 2021 13:57:14 GMT-0600 (Central Standard Time),endExperimentTime_NULL,NA,Wed Dec 22 2021 14:02:43 GMT-0600 (Central Standard Time),7,main,1640203363617,2,right,1000,1543,693.203125,604.7,698.003125,274.1875,1096,328.8,300,117.76400199558275,white,bottom-right,5,15,350,played_response_NULL,difficulty_response_NULL,press_space_response_NULL,press_enter_response_NULL,dominant_hand_response_NULL,frequency_response_NULL,names_response_NULL,race_response_NULL,gender_response_NULL,education_response_NULL,income_response_NULL,country_response_NULL,age_response_NULL,33
WLL-02ekifyyycjfuyz1n1ravpl,0,0,626,181,14,140,Wed Dec 22 2021 13:57:14 GMT-0600 (Central Standard Time),endExperimentTime_NULL,NA,Wed Dec 22 2021 14:02:49 GMT-0600 (Central Standard Time),7,main,1640203369486,3,right,1000,1526,667.375,604.7,672.175,255.296875,1159,347.7,300,87.47660407083497,black,bottom-right,10,25,360,played_response_NULL,difficulty_response_NULL,press_space_response_NULL,press_enter_response_NULL,dominant_hand_response_NULL,frequency_response_NULL,names_response_NULL,race_response_NULL,gender_response_NULL,education_response_NULL,income_response_NULL,country_response_NULL,age_response_NULL,34
WLL-02ekifyyycjfuyz1n1ravpl,0,0,626,181,14,140,Wed Dec 22 2021 13:57:14 GMT-0600 (Central Standard Time),endExperimentTime_NULL,NA,Wed Dec 22 2021 14:02:55 GMT-0600 (Central Standard Time),7,main,1640203375473,4,right,1000,1454,541.65625,604.7,546.45625,199.796875,1344,403.2,300,81.7345133577495,blue,bottom-left,20,45,380,played_response_NULL,difficulty_response_NULL,press_space_response_NULL,press_enter_response_NULL,dominant_hand_response_NULL,frequency_response_NULL,names_response_NULL,race_response_NULL,gender_response_NULL,education_response_NULL,income_response_NULL,country_response_NULL,age_response_NULL,35
WLL-02ekifyyycjfuyz1n1ravpl,0,0,626,181,14,140,Wed Dec 22 2021 13:57:14 GMT-0600 (Central Standard Time),endExperimentTime_NULL,Wed Dec 22 2021 14:02:59 GMT-0600 (Central Standard Time),Wed Dec 22 2021 14:03:03 GMT-0600 (Central Standard Time),8,main,4517,0,right,1000,1542,694.71875,604.7,699.51875,123,1600,480,300,93.6429741174558,black,top-right,10,10,390,played_response_NULL,difficulty_response_NULL,press_space_response_NULL,press_enter_response_NULL,dominant_hand_response_NULL,frequency_response_NULL,names_response_NULL,race_response_NULL,gender_response_NULL,education_response_NULL,income_response_NULL,country_response_NULL,age_response_NULL,36
WLL-02ekifyyycjfuyz1n1ravpl,0,0,626,181,14,140,Wed Dec 22 2021 13:57:14 GMT-0600 (Central Standard Time),endExperimentTime_NULL,NA,Wed Dec 22 2021 14:03:09 GMT-0600 (Central Standard Time),8,main,1640203389634,1,right,1000,1524,665.859375,604.7,670.659375,226.1875,1256,376.8,300,63.53243212439314,blue,bottom-right,20,30,410,played_response_NULL,difficulty_response_NULL,press_space_response_NULL,press_enter_response_NULL,dominant_hand_response_NULL,frequency_response_NULL,names_response_NULL,race_response_NULL,gender_response_NULL,education_response_NULL,income_response_NULL,country_response_NULL,age_response_NULL,37
WLL-02ekifyyycjfuyz1n1ravpl,0,0,626,181,14,140,Wed Dec 22 2021 13:57:14 GMT-0600 (Central Standard Time),endExperimentTime_NULL,NA,Wed Dec 22 2021 14:03:17 GMT-0600 (Central Standard Time),8,main,1640203397636,2,right,1000,2568,564.109375,604.7,568.909375,48.296875,1849,554.7,300,144.46265554687915,missed,top-left,0,30,410,played_response_NULL,difficulty_response_NULL,press_space_response_NULL,press_enter_response_NULL,dominant_hand_response_NULL,frequency_response_NULL,names_response_NULL,race_response_NULL,gender_response_NULL,education_response_NULL,income_response_NULL,country_response_NULL,age_response_NULL,38
WLL-02ekifyyycjfuyz1n1ravpl,0,0,626,181,14,140,Wed Dec 22 2021 13:57:14 GMT-0600 (Central Standard Time),endExperimentTime_NULL,NA,Wed Dec 22 2021 14:03:23 GMT-0600 (Central Standard Time),8,main,1640203403704,3,right,1000,1509,639.96875,604.7,644.76875,255,1160,348,300,76.34308073795881,blue,bottom-right,20,50,430,played_response_NULL,difficulty_response_NULL,press_space_response_NULL,press_enter_response_NULL,dominant_hand_response_NULL,frequency_response_NULL,names_response_NULL,race_response_NULL,gender_response_NULL,education_response_NULL,income_response_NULL,country_response_NULL,age_response_NULL,39
WLL-02ekifyyycjfuyz1n1ravpl,0,0,626,181,14,140,Wed Dec 22 2021 13:57:14 GMT-0600 (Central Standard Time),endExperimentTime_NULL,NA,Wed Dec 22 2021 14:03:29 GMT-0600 (Central Standard Time),8,main,1640203409545,4,right,1000,1594,768,604.7,772.8,332.09375,903,270.9,300,210.66457055960427,missed,bottom-right,0,50,430,played_response_NULL,difficulty_response_NULL,press_space_response_NULL,press_enter_response_NULL,dominant_hand_response_NULL,frequency_response_NULL,names_response_NULL,race_response_NULL,gender_response_NULL,education_response_NULL,income_response_NULL,country_response_NULL,age_response_NULL,40
WLL-02ekifyyycjfuyz1n1ravpl,0,0,626,181,14,140,Wed Dec 22 2021 13:57:14 GMT-0600 (Central Standard Time),endExperimentTime_NULL,Wed Dec 22 2021 14:03:32 GMT-0600 (Central Standard Time),Wed Dec 22 2021 14:03:36 GMT-0600 (Central Standard Time),9,main,3663,0,left,1000,1549,599.78125,604.7,604.58125,303,1000,300,300,123.86590673612534,white,bottom-left,5,5,435,played_response_NULL,difficulty_response_NULL,press_space_response_NULL,press_enter_response_NULL,dominant_hand_response_NULL,frequency_response_NULL,names_response_NULL,race_response_NULL,gender_response_NULL,education_response_NULL,income_response_NULL,country_response_NULL,age_response_NULL,41
WLL-02ekifyyycjfuyz1n1ravpl,0,0,626,181,14,140,Wed Dec 22 2021 13:57:14 GMT-0600 (Central Standard Time),endExperimentTime_NULL,NA,Wed Dec 22 2021 14:03:43 GMT-0600 (Central Standard Time),9,main,1640203423044,1,left,1000,1584,550.15625,604.7,554.95625,149.390625,1512,453.6,300,77.75838862755022,blue,top-left,20,25,455,played_response_NULL,difficulty_response_NULL,press_space_response_NULL,press_enter_response_NULL,dominant_hand_response_NULL,frequency_response_NULL,names_response_NULL,race_response_NULL,gender_response_NULL,education_response_NULL,income_response_NULL,country_response_NULL,age_response_NULL,42
WLL-02ekifyyycjfuyz1n1ravpl,0,0,626,181,14,140,Wed Dec 22 2021 13:57:14 GMT-0600 (Central Standard Time),endExperimentTime_NULL,NA,Wed Dec 22 2021 14:03:49 GMT-0600 (Central Standard Time),9,main,1640203429446,2,left,1000,1567,572.609375,604.7,577.409375,202.1875,1336,400.8,300,53.009046342493555,red,bottom-left,30,55,485,played_response_NULL,difficulty_response_NULL,press_space_response_NULL,press_enter_response_NULL,dominant_hand_response_NULL,frequency_response_NULL,names_response_NULL,race_response_NULL,gender_response_NULL,education_response_NULL,income_response_NULL,country_response_NULL,age_response_NULL,43
WLL-02ekifyyycjfuyz1n1ravpl,0,0,626,181,14,140,Wed Dec 22 2021 13:57:14 GMT-0600 (Central Standard Time),endExperimentTime_NULL,NA,Wed Dec 22 2021 14:03:56 GMT-0600 (Central Standard Time),9,main,1640203436143,3,left,1000,1567,575.625,604.7,580.425,154.1875,1496,448.8,300,52.87712909425023,red,top-left,30,85,515,played_response_NULL,difficulty_response_NULL,press_space_response_NULL,press_enter_response_NULL,dominant_hand_response_NULL,frequency_response_NULL,names_response_NULL,race_response_NULL,gender_response_NULL,education_response_NULL,income_response_NULL,country_response_NULL,age_response_NULL,44
WLL-02ekifyyycjfuyz1n1ravpl,0,0,626,181,14,140,Wed Dec 22 2021 13:57:14 GMT-0600 (Central Standard Time),endExperimentTime_NULL,NA,Wed Dec 22 2021 14:04:01 GMT-0600 (Central Standard Time),9,main,1640203441989,4,left,1000,1572,574.109375,604.7,578.909375,279,1080,324,300,108.72684564030463,black,bottom-left,10,95,525,played_response_NULL,difficulty_response_NULL,press_space_response_NULL,press_enter_response_NULL,dominant_hand_response_NULL,frequency_response_NULL,names_response_NULL,race_response_NULL,gender_response_NULL,education_response_NULL,income_response_NULL,country_response_NULL,age_response_NULL,45
WLL-02ekifyyycjfuyz1n1ravpl,0,0,626,181,14,140,Wed Dec 22 2021 13:57:14 GMT-0600 (Central Standard Time),endExperimentTime_NULL,Wed Dec 22 2021 14:04:05 GMT-0600 (Central Standard Time),Wed Dec 22 2021 14:04:09 GMT-0600 (Central Standard Time),10,main,3966,0,right,1000,1506,618.640625,604.7,623.440625,233.390625,1232,369.6,300,52.45310275170812,red,bottom-left,30,30,555,played_response_NULL,difficulty_response_NULL,press_space_response_NULL,press_enter_response_NULL,dominant_hand_response_NULL,frequency_response_NULL,names_response_NULL,race_response_NULL,gender_response_NULL,education_response_NULL,income_response_NULL,country_response_NULL,age_response_NULL,46
WLL-02ekifyyycjfuyz1n1ravpl,0,0,626,181,14,140,Wed Dec 22 2021 13:57:14 GMT-0600 (Central Standard Time),endExperimentTime_NULL,NA,Wed Dec 22 2021 14:04:15 GMT-0600 (Central Standard Time),10,main,1640203455432,1,right,1000,1540,693.203125,604.7,698.003125,238.1875,1216,364.8,300,91.95031357214405,black,bottom-right,10,40,565,played_response_NULL,difficulty_response_NULL,press_space_response_NULL,press_enter_response_NULL,dominant_hand_response_NULL,frequency_response_NULL,names_response_NULL,race_response_NULL,gender_response_NULL,education_response_NULL,income_response_NULL,country_response_NULL,age_response_NULL,47
WLL-02ekifyyycjfuyz1n1ravpl,0,0,626,181,14,140,Wed Dec 22 2021 13:57:14 GMT-0600 (Central Standard Time),endExperimentTime_NULL,NA,Wed Dec 22 2021 14:04:22 GMT-0600 (Central Standard Time),10,main,1640203462963,2,right,1000,1407,468.625,604.7,473.425,82.1875,1736,520.8,300,181.77744849471839,missed,top-left,0,40,565,played_response_NULL,difficulty_response_NULL,press_space_response_NULL,press_enter_response_NULL,dominant_hand_response_NULL,frequency_response_NULL,names_response_NULL,race_response_NULL,gender_response_NULL,education_response_NULL,income_response_NULL,country_response_NULL,age_response_NULL,48
WLL-02ekifyyycjfuyz1n1ravpl,0,0,626,181,14,140,Wed Dec 22 2021 13:57:14 GMT-0600 (Central Standard Time),endExperimentTime_NULL,NA,Wed Dec 22 2021 14:04:28 GMT-0600 (Central Standard Time),10,main,1640203468880,3,right,1000,1568,739.84375,604.7,744.64375,259.796875,1144,343.2,300,142.42642635349702,missed,bottom-right,0,40,565,played_response_NULL,difficulty_response_NULL,press_space_response_NULL,press_enter_response_NULL,dominant_hand_response_NULL,frequency_response_NULL,names_response_NULL,race_response_NULL,gender_response_NULL,education_response_NULL,income_response_NULL,country_response_NULL,age_response_NULL,49
WLL-02ekifyyycjfuyz1n1ravpl,0,0,626,181,14,140,Wed Dec 22 2021 13:57:14 GMT-0600 (Central Standard Time),endExperimentTime_NULL,NA,Wed Dec 22 2021 14:04:34 GMT-0600 (Central Standard Time),10,main,1640203474784,4,right,1000,1544,667.375,604.7,672.175,233.390625,1232,369.6,300,69.8348638782279,blue,bottom-right,20,60,585,played_response_NULL,difficulty_response_NULL,press_space_response_NULL,press_enter_response_NULL,dominant_hand_response_NULL,frequency_response_NULL,names_response_NULL,race_response_NULL,gender_response_NULL,education_response_NULL,income_response_NULL,country_response_NULL,age_response_NULL,50
WLL-02ekifyyycjfuyz1n1ravpl,2221,0,board_center_x_NULL,board_center_y_NULL,board_bullseye_radius_NULL,board_outerRing_radius_NULL,Wed Dec 22 2021 13:57:14 GMT-0600 (Central Standard Time),Wed Dec 22 2021 14:05:28 GMT-0600 (Central Standard Time),startTrialTime_NULL,endTrialTime_NULL,0,attention_checks,trial_duration_NULL,which_throw_NULL,arrow_startingDirection_NULL,H_animation_speed_time_NULL,arrow_H_moving_duration_NULL,arrow_H_stopping_x_NULL,arrow_H_stopping_y_NULL,arrow_V_stopping_x_NULL,arrow_V_stopping_y_NULL,strength_duration_NULL,up_distance_traveled_NULL,up_distance_unit_NULL,distance_from_radius_NULL,which_ring_NULL,which_quadrant_NULL,throw_score_NULL,trial_score_NULL,585,No,3,left,right,right,0,none,White,Female,High school or GED,"$35,000 through $49,999",United States,21,51
WLL-7s0onjsmg8b8n7ir6f7vwh,0,0,626,181,14,140,Wed Dec 22 2021 14:59:44 GMT-0500 (Eastern Standard Time),endExperimentTime_NULL,Wed Dec 22 2021 15:01:44 GMT-0500 (Eastern Standard Time),Wed Dec 22 2021 15:01:48 GMT-0500 (Eastern Standard Time),1,main,4405,0,right,1000,2552,591.2999877929688,604.7,596.0999877929687,424.8000183105469,594,178.2,300,245.6266672375042,missed,bottom-left,0,0,0,played_response_NULL,difficulty_response_NULL,press_space_response_NULL,press_enter_response_NULL,dominant_hand_response_NULL,frequency_response_NULL,names_response_NULL,race_response_NULL,gender_response_NULL,education_response_NULL,income_response_NULL,country_response_NULL,age_response_NULL,52
WLL-7s0onjsmg8b8n7ir6f7vwh,0,0,626,181,14,140,Wed Dec 22 2021 14:59:44 GMT-0500 (Eastern Standard Time),endExperimentTime_NULL,NA,Wed Dec 22 2021 15:01:55 GMT-0500 (Eastern Standard Time),1,main,1640203315731,1,right,1000,2517,641.5,604.7,646.3,220.5,1275,382.5,300,44.41103466482174,red,bottom-right,30,30,30,played_response_NULL,difficulty_response_NULL,press_space_response_NULL,press_enter_response_NULL,dominant_hand_response_NULL,frequency_response_NULL,names_response_NULL,race_response_NULL,gender_response_NULL,education_response_NULL,income_response_NULL,country_response_NULL,age_response_NULL,53
WLL-7s0onjsmg8b8n7ir6f7vwh,0,0,626,181,14,140,Wed Dec 22 2021 14:59:44 GMT-0500 (Eastern Standard Time),endExperimentTime_NULL,NA,Wed Dec 22 2021 15:02:02 GMT-0500 (Eastern Standard Time),1,main,1640203322355,2,right,1000,1514,641.5,604.7,646.3,82.80000305175781,1734,520.2,300,100.27626539034435,black,top-right,10,40,40,played_response_NULL,difficulty_response_NULL,press_space_response_NULL,press_enter_response_NULL,dominant_hand_response_NULL,frequency_response_NULL,names_response_NULL,race_response_NULL,gender_response_NULL,education_response_NULL,income_response_NULL,country_response_NULL,age_response_NULL,54
WLL-7s0onjsmg8b8n7ir6f7vwh,0,0,626,181,14,140,Wed Dec 22 2021 14:59:44 GMT-0500 (Eastern Standard Time),endExperimentTime_NULL,NA,Wed Dec 22 2021 15:02:07 GMT-0500 (Eastern Standard Time),1,main,1640203327477,3,right,1000,537,592.8125,604.7,597.6125,163.8000030517578,1464,439.2,300,33.19171660624896,red,top-left,30,70,70,played_response_NULL,difficulty_response_NULL,press_space_response_NULL,press_enter_response_NULL,dominant_hand_response_NULL,frequency_response_NULL,names_response_NULL,race_response_NULL,gender_response_NULL,education_response_NULL,income_response_NULL,country_response_NULL,age_response_NULL,55
WLL-7s0onjsmg8b8n7ir6f7vwh,0,0,626,181,14,140,Wed Dec 22 2021 14:59:44 GMT-0500 (Eastern Standard Time),endExperimentTime_NULL,NA,Wed Dec 22 2021 15:02:12 GMT-0500 (Eastern Standard Time),1,main,1640203332599,4,right,1000,527,623.2125244140625,604.7,628.0125244140625,174.90000915527344,1427,428.1,300,6.423405858494799,bullseye,top-right,50,120,120,played_response_NULL,difficulty_response_NULL,press_space_response_NULL,press_enter_response_NULL,dominant_hand_response_NULL,frequency_response_NULL,names_response_NULL,race_response_NULL,gender_response_NULL,education_response_NULL,income_response_NULL,country_response_NULL,age_response_NULL,56
WLL-7s0onjsmg8b8n7ir6f7vwh,0,0,626,181,14,140,Wed Dec 22 2021 14:59:44 GMT-0500 (Eastern Standard Time),endExperimentTime_NULL,Wed Dec 22 2021 15:02:32 GMT-0500 (Eastern Standard Time),Wed Dec 22 2021 15:02:36 GMT-0500 (Eastern Standard Time),2,main,4443,0,left,1000,1543,599.7875366210938,604.7,604.5875366210937,101.0999984741211,1673,501.9,300,82.71942838165926,blue,top-left,20,20,140,played_response_NULL,difficulty_response_NULL,press_space_response_NULL,press_enter_response_NULL,dominant_hand_response_NULL,frequency_response_NULL,names_response_NULL,race_response_NULL,gender_response_NULL,education_response_NULL,income_response_NULL,country_response_NULL,age_response_NULL,57
WLL-7s0onjsmg8b8n7ir6f7vwh,0,0,626,181,14,140,Wed Dec 22 2021 14:59:44 GMT-0500 (Eastern Standard Time),endExperimentTime_NULL,NA,Wed Dec 22 2021 15:02:41 GMT-0500 (Eastern Standard Time),2,main,1640203361848,1,left,1000,487,619.5250244140625,604.7,624.3250244140625,155.6999969482422,1491,447.3,300,25.35538794087839,red,top-left,30,50,170,played_response_NULL,difficulty_response_NULL,press_space_response_NULL,press_enter_response_NULL,dominant_hand_response_NULL,frequency_response_NULL,names_response_NULL,race_response_NULL,gender_response_NULL,education_response_NULL,income_response_NULL,country_response_NULL,age_response_NULL,58
WLL-7s0onjsmg8b8n7ir6f7vwh,0,0,626,181,14,140,Wed Dec 22 2021 14:59:44 GMT-0500 (Eastern Standard Time),endExperimentTime_NULL,NA,Wed Dec 22 2021 15:02:46 GMT-0500 (Eastern Standard Time),2,main,1640203366446,2,left,1000,456,562.1124877929688,604.7,566.9124877929687,303.3000183105469,999,299.7,300,135.82572870254063,white,bottom-left,5,55,175,played_response_NULL,difficulty_response_NULL,press_space_response_NULL,press_enter_response_NULL,dominant_hand_response_NULL,frequency_response_NULL,names_response_NULL,race_response_NULL,gender_response_NULL,education_response_NULL,income_response_NULL,country_response_NULL,age_response_NULL,59
WLL-7s0onjsmg8b8n7ir6f7vwh,0,0,626,181,14,140,Wed Dec 22 2021 14:59:44 GMT-0500 (Eastern Standard Time),endExperimentTime_NULL,NA,Wed Dec 22 2021 15:02:51 GMT-0500 (Eastern Standard Time),2,main,1640203371695,3,left,1000,481,596.7625122070312,604.7,601.5625122070312,165.3000030517578,1459,437.7,300,29.046182430851612,red,top-left,30,85,205,played_response_NULL,difficulty_response_NULL,press_space_response_NULL,press_enter_response_NULL,dominant_hand_response_NULL,frequency_response_NULL,names_response_NULL,race_response_NULL,gender_response_NULL,education_response_NULL,income_response_NULL,country_response_NULL,age_response_NULL,60
WLL-7s0onjsmg8b8n7ir6f7vwh,0,0,626,181,14,140,Wed Dec 22 2021 14:59:44 GMT-0500 (Eastern Standard Time),endExperimentTime_NULL,NA,Wed Dec 22 2021 15:02:56 GMT-0500 (Eastern Standard Time),2,main,1640203376399,4,left,1000,505,646.9249877929688,604.7,651.7249877929687,243.90000915527344,1197,359.1,300,67.95723764752266,blue,bottom-right,20,105,225,played_response_NULL,difficulty_response_NULL,press_space_response_NULL,press_enter_response_NULL,dominant_hand_response_NULL,frequency_response_NULL,names_response_NULL,race_response_NULL,gender_response_NULL,education_response_NULL,income_response_NULL,country_response_NULL,age_response_NULL,61
WLL-7s0onjsmg8b8n7ir6f7vwh,0,0,626,181,14,140,Wed Dec 22 2021 14:59:44 GMT-0500 (Eastern Standard Time),endExperimentTime_NULL,Wed Dec 22 2021 15:03:00 GMT-0500 (Eastern Standard Time),Wed Dec 22 2021 15:03:04 GMT-0500 (Eastern Standard Time),3,main,3693,0,right,1000,1548,693.2000122070312,604.7,698.0000122070312,241.5,1205,361.5,300,94.04388208603812,black,bottom-right,10,10,235,played_response_NULL,difficulty_response_NULL,press_space_response_NULL,press_enter_response_NULL,dominant_hand_response_NULL,frequency_response_NULL,names_response_NULL,race_response_NULL,gender_response_NULL,education_response_NULL,income_response_NULL,country_response_NULL,age_response_NULL,62
WLL-7s0onjsmg8b8n7ir6f7vwh,0,0,626,181,14,140,Wed Dec 22 2021 14:59:44 GMT-0500 (Eastern Standard Time),endExperimentTime_NULL,NA,Wed Dec 22 2021 15:03:09 GMT-0500 (Eastern Standard Time),3,main,1640203389342,1,right,1000,461,715.8624877929688,604.7,720.6624877929687,267,1120,336,300,127.89443535648432,white,bottom-right,5,15,240,played_response_NULL,difficulty_response_NULL,press_space_response_NULL,press_enter_response_NULL,dominant_hand_response_NULL,frequency_response_NULL,names_response_NULL,race_response_NULL,gender_response_NULL,education_response_NULL,income_response_NULL,country_response_NULL,age_response_NULL,63
WLL-7s0onjsmg8b8n7ir6f7vwh,0,0,626,181,14,140,Wed Dec 22 2021 14:59:44 GMT-0500 (Eastern Standard Time),endExperimentTime_NULL,NA,Wed Dec 22 2021 15:03:14 GMT-0500 (Eastern Standard Time),3,main,1640203394474,2,right,1000,494,679.5499877929688,604.7,684.3499877929687,193.8000030517578,1364,409.2,300,59.737435110361126,blue,bottom-right,20,35,260,played_response_NULL,difficulty_response_NULL,press_space_response_NULL,press_enter_response_NULL,dominant_hand_response_NULL,frequency_response_NULL,names_response_NULL,race_response_NULL,gender_response_NULL,education_response_NULL,income_response_NULL,country_response_NULL,age_response_NULL,64
WLL-7s0onjsmg8b8n7ir6f7vwh,0,0,626,181,14,140,Wed Dec 22 2021 14:59:44 GMT-0500 (Eastern Standard Time),endExperimentTime_NULL,NA,Wed Dec 22 2021 15:03:19 GMT-0500 (Eastern Standard Time),3,main,1640203399856,3,right,1000,548,582.2250366210938,604.7,587.0250366210937,129.90000915527344,1577,473.1,300,64.26707426605186,blue,top-left,20,55,280,played_response_NULL,difficulty_response_NULL,press_space_response_NULL,press_enter_response_NULL,dominant_hand_response_NULL,frequency_response_NULL,names_response_NULL,race_response_NULL,gender_response_NULL,education_response_NULL,income_response_NULL,country_response_NULL,age_response_NULL,65
WLL-7s0onjsmg8b8n7ir6f7vwh,0,0,626,181,14,140,Wed Dec 22 2021 14:59:44 GMT-0500 (Eastern Standard Time),endExperimentTime_NULL,NA,Wed Dec 22 2021 15:03:25 GMT-0500 (Eastern Standard Time),3,main,1640203405524,4,right,1000,1510,639.9750366210938,604.7,644.7750366210937,265.8000183105469,1124,337.2,300,86.85358429905179,black,bottom-right,10,65,290,played_response_NULL,difficulty_response_NULL,press_space_response_NULL,press_enter_response_NULL,dominant_hand_response_NULL,frequency_response_NULL,names_response_NULL,race_response_NULL,gender_response_NULL,education_response_NULL,income_response_NULL,country_response_NULL,age_response_NULL,66
WLL-7s0onjsmg8b8n7ir6f7vwh,0,0,626,181,14,140,Wed Dec 22 2021 14:59:44 GMT-0500 (Eastern Standard Time),endExperimentTime_NULL,Wed Dec 22 2021 15:03:39 GMT-0500 (Eastern Standard Time),Wed Dec 22 2021 15:03:42 GMT-0500 (Eastern Standard Time),4,main,3467,0,right,1000,1522,639.9750366210938,604.7,644.7750366210937,273.6000061035156,1098,329.4,300,94.48419513598314,black,bottom-right,10,10,300,played_response_NULL,difficulty_response_NULL,press_space_response_NULL,press_enter_response_NULL,dominant_hand_response_NULL,frequency_response_NULL,names_response_NULL,race_response_NULL,gender_response_NULL,education_response_NULL,income_response_NULL,country_response_NULL,age_response_NULL,67
WLL-7s0onjsmg8b8n7ir6f7vwh,0,0,626,181,14,140,Wed Dec 22 2021 14:59:44 GMT-0500 (Eastern Standard Time),endExperimentTime_NULL,NA,Wed Dec 22 2021 15:03:49 GMT-0500 (Eastern Standard Time),4,main,1640203429273,1,right,1000,2551,615.6000366210938,604.7,620.4000366210937,280.8000183105469,1074,322.2,300,99.95700698115456,black,bottom-left,10,20,310,played_response_NULL,difficulty_response_NULL,press_space_response_NULL,press_enter_response_NULL,dominant_hand_response_NULL,frequency_response_NULL,names_response_NULL,race_response_NULL,gender_response_NULL,education_response_NULL,income_response_NULL,country_response_NULL,age_response_NULL,68
WLL-7s0onjsmg8b8n7ir6f7vwh,0,0,626,181,14,140,Wed Dec 22 2021 14:59:44 GMT-0500 (Eastern Standard Time),endExperimentTime_NULL,NA,Wed Dec 22 2021 15:03:54 GMT-0500 (Eastern Standard Time),4,main,1640203434528,2,right,1000,496,668.9000244140625,604.7,673.7000244140625,137.10000610351562,1553,465.9,300,64.82670586427726,blue,top-right,20,40,330,played_response_NULL,difficulty_response_NULL,press_space_response_NULL,press_enter_response_NULL,dominant_hand_response_NULL,frequency_response_NULL,names_response_NULL,race_response_NULL,gender_response_NULL,education_response_NULL,income_response_NULL,country_response_NULL,age_response_NULL,69
WLL-7s0onjsmg8b8n7ir6f7vwh,0,0,626,181,14,140,Wed Dec 22 2021 14:59:44 GMT-0500 (Eastern Standard Time),endExperimentTime_NULL,NA,Wed Dec 22 2021 15:03:59 GMT-0500 (Eastern Standard Time),4,main,1640203439532,3,right,1000,526,621.6875,604.7,626.4875,181.8000030517578,1404,421.2,300,0.9368357021494051,bullseye,bottom-right,50,90,380,played_response_NULL,difficulty_response_NULL,press_space_response_NULL,press_enter_response_NULL,dominant_hand_response_NULL,frequency_response_NULL,names_response_NULL,race_response_NULL,gender_response_NULL,education_response_NULL,income_response_NULL,country_response_NULL,age_response_NULL,70
WLL-7s0onjsmg8b8n7ir6f7vwh,0,0,626,181,14,140,Wed Dec 22 2021 14:59:44 GMT-0500 (Eastern Standard Time),endExperimentTime_NULL,NA,Wed Dec 22 2021 15:04:04 GMT-0500 (Eastern Standard Time),4,main,1640203444429,4,right,1000,506,644.5375366210938,604.7,649.3375366210937,215.40000915527344,1292,387.6,300,41.56923436177032,red,bottom-right,30,120,410,played_response_NULL,difficulty_response_NULL,press_space_response_NULL,press_enter_response_NULL,dominant_hand_response_NULL,frequency_response_NULL,names_response_NULL,race_response_NULL,gender_response_NULL,education_response_NULL,income_response_NULL,country_response_NULL,age_response_NULL,71
WLL-7s0onjsmg8b8n7ir6f7vwh,0,0,626,181,14,140,Wed Dec 22 2021 14:59:44 GMT-0500 (Eastern Standard Time),endExperimentTime_NULL,Wed Dec 22 2021 15:04:07 GMT-0500 (Eastern Standard Time),Wed Dec 22 2021 15:04:11 GMT-0500 (Eastern Standard Time),5,main,3829,0,right,1000,1530,667.3875122070312,604.7,672.1875122070312,192.60000610351562,1368,410.4,300,47.62191119092404,red,bottom-right,30,30,440,played_response_NULL,difficulty_response_NULL,press_space_response_NULL,press_enter_response_NULL,dominant_hand_response_NULL,frequency_response_NULL,names_response_NULL,race_response_NULL,gender_response_NULL,education_response_NULL,income_response_NULL,country_response_NULL,age_response_NULL,72
WLL-7s0onjsmg8b8n7ir6f7vwh,0,0,626,181,14,140,Wed Dec 22 2021 14:59:44 GMT-0500 (Eastern Standard Time),endExperimentTime_NULL,NA,Wed Dec 22 2021 15:04:16 GMT-0500 (Eastern Standard Time),5,main,1640203456670,1,right,1000,492,662.8125,604.7,667.6125,156.3000030517578,1489,446.7,300,48.3910116188241,red,top-right,30,60,470,played_response_NULL,difficulty_response_NULL,press_space_response_NULL,press_enter_response_NULL,dominant_hand_response_NULL,frequency_response_NULL,names_response_NULL,race_response_NULL,gender_response_NULL,education_response_NULL,income_response_NULL,country_response_NULL,age_response_NULL,73
WLL-7s0onjsmg8b8n7ir6f7vwh,0,0,626,181,14,140,Wed Dec 22 2021 14:59:44 GMT-0500 (Eastern Standard Time),endExperimentTime_NULL,NA,Wed Dec 22 2021 15:04:21 GMT-0500 (Eastern Standard Time),5,main,1640203461799,2,right,1000,537,604.9625244140625,604.7,609.7625244140625,155.6999969482422,1491,447.3,300,30.062364641239924,red,top-left,30,90,500,played_response_NULL,difficulty_response_NULL,press_space_response_NULL,press_enter_response_NULL,dominant_hand_response_NULL,frequency_response_NULL,names_response_NULL,race_response_NULL,gender_response_NULL,education_response_NULL,income_response_NULL,country_response_NULL,age_response_NULL,74
WLL-7s0onjsmg8b8n7ir6f7vwh,0,0,626,181,14,140,Wed Dec 22 2021 14:59:44 GMT-0500 (Eastern Standard Time),endExperimentTime_NULL,NA,Wed Dec 22 2021 15:04:26 GMT-0500 (Eastern Standard Time),5,main,1640203466616,3,right,1000,551,577.6875,604.7,582.4875,231.90000915527344,1237,371.1,300,66.96378564759405,blue,bottom-left,20,110,520,played_response_NULL,difficulty_response_NULL,press_space_response_NULL,press_enter_response_NULL,dominant_hand_response_NULL,frequency_response_NULL,names_response_NULL,race_response_NULL,gender_response_NULL,education_response_NULL,income_response_NULL,country_response_NULL,age_response_NULL,75
WLL-7s0onjsmg8b8n7ir6f7vwh,0,0,626,181,14,140,Wed Dec 22 2021 14:59:44 GMT-0500 (Eastern Standard Time),endExperimentTime_NULL,NA,Wed Dec 22 2021 15:04:31 GMT-0500 (Eastern Standard Time),5,main,1640203471402,4,right,1000,518,629.2999877929688,604.7,634.0999877929687,213.3000030517578,1299,389.7,300,33.300150140649606,red,bottom-right,30,140,550,played_response_NULL,difficulty_response_NULL,press_space_response_NULL,press_enter_response_NULL,dominant_hand_response_NULL,frequency_response_NULL,names_response_NULL,race_response_NULL,gender_response_NULL,education_response_NULL,income_response_NULL,country_response_NULL,age_response_NULL,76
WLL-7s0onjsmg8b8n7ir6f7vwh,0,0,626,181,14,140,Wed Dec 22 2021 14:59:44 GMT-0500 (Eastern Standard Time),endExperimentTime_NULL,Wed Dec 22 2021 15:04:41 GMT-0500 (Eastern Standard Time),Wed Dec 22 2021 15:04:45 GMT-0500 (Eastern Standard Time),6,main,4154,0,right,1000,1508,615.6000366210938,604.7,620.4000366210937,119.4000015258789,1612,483.6,300,61.854016861128855,blue,top-left,20,20,570,played_response_NULL,difficulty_response_NULL,press_space_response_NULL,press_enter_response_NULL,dominant_hand_response_NULL,frequency_response_NULL,names_response_NULL,race_response_NULL,gender_response_NULL,education_response_NULL,income_response_NULL,country_response_NULL,age_response_NULL,77
WLL-7s0onjsmg8b8n7ir6f7vwh,0,0,626,181,14,140,Wed Dec 22 2021 14:59:44 GMT-0500 (Eastern Standard Time),endExperimentTime_NULL,NA,Wed Dec 22 2021 15:04:50 GMT-0500 (Eastern Standard Time),6,main,1640203490378,1,right,1000,536,609.5250244140625,604.7,614.3250244140625,171.90000915527344,1437,431.1,300,14.802529794138062,red,top-left,30,50,600,played_response_NULL,difficulty_response_NULL,press_space_response_NULL,press_enter_response_NULL,dominant_hand_response_NULL,frequency_response_NULL,names_response_NULL,race_response_NULL,gender_response_NULL,education_response_NULL,income_response_NULL,country_response_NULL,age_response_NULL,78
WLL-7s0onjsmg8b8n7ir6f7vwh,0,0,626,181,14,140,Wed Dec 22 2021 14:59:44 GMT-0500 (Eastern Standard Time),endExperimentTime_NULL,NA,Wed Dec 22 2021 15:04:55 GMT-0500 (Eastern Standard Time),6,main,1640203495094,2,right,1000,516,630.8250122070312,604.7,635.6250122070312,212.6999969482422,1301,390.3,300,33.129000384920516,red,bottom-right,30,80,630,played_response_NULL,difficulty_response_NULL,press_space_response_NULL,press_enter_response_NULL,dominant_hand_response_NULL,frequency_response_NULL,names_response_NULL,race_response_NULL,gender_response_NULL,education_response_NULL,income_response_NULL,country_response_NULL,age_response_NULL,79
WLL-7s0onjsmg8b8n7ir6f7vwh,0,0,626,181,14,140,Wed Dec 22 2021 14:59:44 GMT-0500 (Eastern Standard Time),endExperimentTime_NULL,NA,Wed Dec 22 2021 15:05:00 GMT-0500 (Eastern Standard Time),6,main,1640203500228,3,right,1000,455,727.875,604.7,732.675,172.1999969482422,1436,430.8,300,107.03735646357741,black,top-right,10,90,640,played_response_NULL,difficulty_response_NULL,press_space_response_NULL,press_enter_response_NULL,dominant_hand_response_NULL,frequency_response_NULL,names_response_NULL,race_response_NULL,gender_response_NULL,education_response_NULL,income_response_NULL,country_response_NULL,age_response_NULL,80
WLL-7s0onjsmg8b8n7ir6f7vwh,0,0,626,181,14,140,Wed Dec 22 2021 14:59:44 GMT-0500 (Eastern Standard Time),endExperimentTime_NULL,NA,Wed Dec 22 2021 15:05:05 GMT-0500 (Eastern Standard Time),6,main,1640203505309,4,right,1000,564,567.125,604.7,571.925,175.5,1425,427.5,300,54.353984444564915,red,top-left,30,120,670,played_response_NULL,difficulty_response_NULL,press_space_response_NULL,press_enter_response_NULL,dominant_hand_response_NULL,frequency_response_NULL,names_response_NULL,race_response_NULL,gender_response_NULL,education_response_NULL,income_response_NULL,country_response_NULL,age_response_NULL,81
WLL-7s0onjsmg8b8n7ir6f7vwh,0,0,626,181,14,140,Wed Dec 22 2021 14:59:44 GMT-0500 (Eastern Standard Time),endExperimentTime_NULL,Wed Dec 22 2021 15:05:10 GMT-0500 (Eastern Standard Time),Wed Dec 22 2021 15:05:14 GMT-0500 (Eastern Standard Time),7,main,3888,0,left,1000,1519,651.5,604.7,656.3,193.8000030517578,1364,409.2,300,32.89270554583503,red,bottom-right,30,30,700,played_response_NULL,difficulty_response_NULL,press_space_response_NULL,press_enter_response_NULL,dominant_hand_response_NULL,frequency_response_NULL,names_response_NULL,race_response_NULL,gender_response_NULL,education_response_NULL,income_response_NULL,country_response_NULL,age_response_NULL,82
WLL-7s0onjsmg8b8n7ir6f7vwh,0,0,626,181,14,140,Wed Dec 22 2021 14:59:44 GMT-0500 (Eastern Standard Time),endExperimentTime_NULL,NA,Wed Dec 22 2021 15:05:20 GMT-0500 (Eastern Standard Time),7,main,1640203520631,1,left,1000,1562,601.2999877929688,604.7,606.0999877929687,116.4000015258789,1622,486.6,300,67.59563808927646,blue,top-left,20,50,720,played_response_NULL,difficulty_response_NULL,press_space_response_NULL,press_enter_response_NULL,dominant_hand_response_NULL,frequency_response_NULL,names_response_NULL,race_response_NULL,gender_response_NULL,education_response_NULL,income_response_NULL,country_response_NULL,age_response_NULL,83
WLL-7s0onjsmg8b8n7ir6f7vwh,0,0,626,181,14,140,Wed Dec 22 2021 14:59:44 GMT-0500 (Eastern Standard Time),endExperimentTime_NULL,NA,Wed Dec 22 2021 15:05:25 GMT-0500 (Eastern Standard Time),7,main,1640203525742,2,left,1000,457,583.1625366210938,604.7,587.9625366210937,171,1440,432,300,39.32999644421084,red,top-left,30,80,750,played_response_NULL,difficulty_response_NULL,press_space_response_NULL,press_enter_response_NULL,dominant_hand_response_NULL,frequency_response_NULL,names_response_NULL,race_response_NULL,gender_response_NULL,education_response_NULL,income_response_NULL,country_response_NULL,age_response_NULL,84
WLL-7s0onjsmg8b8n7ir6f7vwh,0,0,626,181,14,140,Wed Dec 22 2021 14:59:44 GMT-0500 (Eastern Standard Time),endExperimentTime_NULL,NA,Wed Dec 22 2021 15:05:30 GMT-0500 (Eastern Standard Time),7,main,1640203530808,3,left,1000,542,697.1375122070312,604.7,701.9375122070312,175.5,1425,427.5,300,76.1364286015112,blue,top-right,20,100,770,played_response_NULL,difficulty_response_NULL,press_space_response_NULL,press_enter_response_NULL,dominant_hand_response_NULL,frequency_response_NULL,names_response_NULL,race_response_NULL,gender_response_NULL,education_response_NULL,income_response_NULL,country_response_NULL,age_response_NULL,85
WLL-7s0onjsmg8b8n7ir6f7vwh,0,0,626,181,14,140,Wed Dec 22 2021 14:59:44 GMT-0500 (Eastern Standard Time),endExperimentTime_NULL,NA,Wed Dec 22 2021 15:05:35 GMT-0500 (Eastern Standard Time),7,main,1640203535697,4,left,1000,493,636.2625122070312,604.7,641.0625122070312,192.90000915527344,1367,410.1,300,19.19608011763224,red,bottom-right,30,130,800,played_response_NULL,difficulty_response_NULL,press_space_response_NULL,press_enter_response_NULL,dominant_hand_response_NULL,frequency_response_NULL,names_response_NULL,race_response_NULL,gender_response_NULL,education_response_NULL,income_response_NULL,country_response_NULL,age_response_NULL,86
WLL-7s0onjsmg8b8n7ir6f7vwh,0,0,626,181,14,140,Wed Dec 22 2021 14:59:44 GMT-0500 (Eastern Standard Time),endExperimentTime_NULL,Wed Dec 22 2021 15:05:56 GMT-0500 (Eastern Standard Time),Wed Dec 22 2021 15:06:00 GMT-0500 (Eastern Standard Time),8,main,3716,0,left,1000,1550,601.2999877929688,604.7,606.0999877929687,220.1999969482422,1276,382.8,300,43.96191814038818,red,bottom-left,30,30,830,played_response_NULL,difficulty_response_NULL,press_space_response_NULL,press_enter_response_NULL,dominant_hand_response_NULL,frequency_response_NULL,names_response_NULL,race_response_NULL,gender_response_NULL,education_response_NULL,income_response_NULL,country_response_NULL,age_response_NULL,87
WLL-7s0onjsmg8b8n7ir6f7vwh,0,0,626,181,14,140,Wed Dec 22 2021 14:59:44 GMT-0500 (Eastern Standard Time),endExperimentTime_NULL,NA,Wed Dec 22 2021 15:06:05 GMT-0500 (Eastern Standard Time),8,main,1640203565329,1,left,1000,472,593.7374877929688,604.7,598.5374877929687,219,1280,384,300,46.88485444918586,red,bottom-left,30,60,860,played_response_NULL,difficulty_response_NULL,press_space_response_NULL,press_enter_response_NULL,dominant_hand_response_NULL,frequency_response_NULL,names_response_NULL,race_response_NULL,gender_response_NULL,education_response_NULL,income_response_NULL,country_response_NULL,age_response_NULL,88
WLL-7s0onjsmg8b8n7ir6f7vwh,0,0,626,181,14,140,Wed Dec 22 2021 14:59:44 GMT-0500 (Eastern Standard Time),endExperimentTime_NULL,NA,Wed Dec 22 2021 15:06:10 GMT-0500 (Eastern Standard Time),8,main,1640203570222,2,left,1000,498,645.4000244140625,604.7,650.2000244140625,186.60000610351562,1388,416.4,300,24.83950985830097,red,bottom-right,30,90,890,played_response_NULL,difficulty_response_NULL,press_space_response_NULL,press_enter_response_NULL,dominant_hand_response_NULL,frequency_response_NULL,names_response_NULL,race_response_NULL,gender_response_NULL,education_response_NULL,income_response_NULL,country_response_NULL,age_response_NULL,89
WLL-7s0onjsmg8b8n7ir6f7vwh,0,0,626,181,14,140,Wed Dec 22 2021 14:59:44 GMT-0500 (Eastern Standard Time),endExperimentTime_NULL,NA,Wed Dec 22 2021 15:06:15 GMT-0500 (Eastern Standard Time),8,main,1640203575557,3,left,1000,543,710.7625122070312,604.7,715.5625122070312,126.30000305175781,1589,476.7,300,104.94538226607362,black,top-right,10,100,900,played_response_NULL,difficulty_response_NULL,press_space_response_NULL,press_enter_response_NULL,dominant_hand_response_NULL,frequency_response_NULL,names_response_NULL,race_response_NULL,gender_response_NULL,education_response_NULL,income_response_NULL,country_response_NULL,age_response_NULL,90
WLL-7s0onjsmg8b8n7ir6f7vwh,0,0,626,181,14,140,Wed Dec 22 2021 14:59:44 GMT-0500 (Eastern Standard Time),endExperimentTime_NULL,NA,Wed Dec 22 2021 15:06:20 GMT-0500 (Eastern Standard Time),8,main,1640203580500,4,left,1000,514,663.6875,604.7,668.4875,192,1370,411,300,43.888354449101826,red,bottom-right,30,130,930,played_response_NULL,difficulty_response_NULL,press_space_response_NULL,press_enter_response_NULL,dominant_hand_response_NULL,frequency_response_NULL,names_response_NULL,race_response_NULL,gender_response_NULL,education_response_NULL,income_response_NULL,country_response_NULL,age_response_NULL,91
WLL-7s0onjsmg8b8n7ir6f7vwh,0,0,626,181,14,140,Wed Dec 22 2021 14:59:44 GMT-0500 (Eastern Standard Time),endExperimentTime_NULL,Wed Dec 22 2021 15:06:23 GMT-0500 (Eastern Standard Time),Wed Dec 22 2021 15:06:28 GMT-0500 (Eastern Standard Time),9,main,4216,0,left,1000,1496,675.8624877929688,604.7,680.6624877929687,121.5,1605,481.5,300,80.79750968759156,blue,top-right,20,20,950,played_response_NULL,difficulty_response_NULL,press_space_response_NULL,press_enter_response_NULL,dominant_hand_response_NULL,frequency_response_NULL,names_response_NULL,race_response_NULL,gender_response_NULL,education_response_NULL,income_response_NULL,country_response_NULL,age_response_NULL,92
WLL-7s0onjsmg8b8n7ir6f7vwh,0,0,626,181,14,140,Wed Dec 22 2021 14:59:44 GMT-0500 (Eastern Standard Time),endExperimentTime_NULL,NA,Wed Dec 22 2021 15:06:33 GMT-0500 (Eastern Standard Time),9,main,1640203593205,1,left,1000,446,565.1124877929688,604.7,569.9124877929687,182.40000915527344,1402,420.6,300,56.10498240984248,blue,bottom-left,20,40,970,played_response_NULL,difficulty_response_NULL,press_space_response_NULL,press_enter_response_NULL,dominant_hand_response_NULL,frequency_response_NULL,names_response_NULL,race_response_NULL,gender_response_NULL,education_response_NULL,income_response_NULL,country_response_NULL,age_response_NULL,93
WLL-7s0onjsmg8b8n7ir6f7vwh,0,0,626,181,14,140,Wed Dec 22 2021 14:59:44 GMT-0500 (Eastern Standard Time),endExperimentTime_NULL,NA,Wed Dec 22 2021 15:06:38 GMT-0500 (Eastern Standard Time),9,main,1640203598336,2,left,1000,477,592.2250366210938,604.7,597.0250366210937,175.5,1425,427.5,300,29.492346512425236,red,top-left,30,70,1000,played_response_NULL,difficulty_response_NULL,press_space_response_NULL,press_enter_response_NULL,dominant_hand_response_NULL,frequency_response_NULL,names_response_NULL,race_response_NULL,gender_response_NULL,education_response_NULL,income_response_NULL,country_response_NULL,age_response_NULL,94
WLL-7s0onjsmg8b8n7ir6f7vwh,0,0,626,181,14,140,Wed Dec 22 2021 14:59:44 GMT-0500 (Eastern Standard Time),endExperimentTime_NULL,NA,Wed Dec 22 2021 15:06:43 GMT-0500 (Eastern Standard Time),9,main,1640203603290,3,left,1000,532,691.0625,604.7,695.8625,201,1340,402,300,72.66889916773195,blue,bottom-right,20,90,1020,played_response_NULL,difficulty_response_NULL,press_space_response_NULL,press_enter_response_NULL,dominant_hand_response_NULL,frequency_response_NULL,names_response_NULL,race_response_NULL,gender_response_NULL,education_response_NULL,income_response_NULL,country_response_NULL,age_response_NULL,95
WLL-7s0onjsmg8b8n7ir6f7vwh,0,0,626,181,14,140,Wed Dec 22 2021 14:59:44 GMT-0500 (Eastern Standard Time),endExperimentTime_NULL,NA,Wed Dec 22 2021 15:06:48 GMT-0500 (Eastern Standard Time),9,main,1640203608405,4,left,1000,463,575.625,604.7,580.425,156,1490,447,300,51.98154119492807,red,top-left,30,120,1050,played_response_NULL,difficulty_response_NULL,press_space_response_NULL,press_enter_response_NULL,dominant_hand_response_NULL,frequency_response_NULL,names_response_NULL,race_response_NULL,gender_response_NULL,education_response_NULL,income_response_NULL,country_response_NULL,age_response_NULL,96
WLL-7s0onjsmg8b8n7ir6f7vwh,0,0,626,181,14,140,Wed Dec 22 2021 14:59:44 GMT-0500 (Eastern Standard Time),endExperimentTime_NULL,Wed Dec 22 2021 15:06:51 GMT-0500 (Eastern Standard Time),Wed Dec 22 2021 15:06:55 GMT-0500 (Eastern Standard Time),10,main,3852,0,right,1000,1537,667.3875122070312,604.7,672.1875122070312,198.3000030517578,1349,404.7,300,49.3211555974258,red,bottom-right,30,30,1080,played_response_NULL,difficulty_response_NULL,press_space_response_NULL,press_enter_response_NULL,dominant_hand_response_NULL,frequency_response_NULL,names_response_NULL,race_response_NULL,gender_response_NULL,education_response_NULL,income_response_NULL,country_response_NULL,age_response_NULL,97
WLL-7s0onjsmg8b8n7ir6f7vwh,0,0,626,181,14,140,Wed Dec 22 2021 14:59:44 GMT-0500 (Eastern Standard Time),endExperimentTime_NULL,NA,Wed Dec 22 2021 15:07:01 GMT-0500 (Eastern Standard Time),10,main,1640203621016,1,right,1000,459,720.375,604.7,725.175,151.5,1505,451.5,300,103.46946711470004,black,top-right,10,40,1090,played_response_NULL,difficulty_response_NULL,press_space_response_NULL,press_enter_response_NULL,dominant_hand_response_NULL,frequency_response_NULL,names_response_NULL,race_response_NULL,gender_response_NULL,education_response_NULL,income_response_NULL,country_response_NULL,age_response_NULL,98
WLL-7s0onjsmg8b8n7ir6f7vwh,0,0,626,181,14,140,Wed Dec 22 2021 14:59:44 GMT-0500 (Eastern Standard Time),endExperimentTime_NULL,NA,Wed Dec 22 2021 15:07:06 GMT-0500 (Eastern Standard Time),10,main,1640203626387,2,right,1000,520,626.2625122070312,604.7,631.0625122070312,111,1640,492,300,70.18282574708958,blue,top-right,20,60,1110,played_response_NULL,difficulty_response_NULL,press_space_response_NULL,press_enter_response_NULL,dominant_hand_response_NULL,frequency_response_NULL,names_response_NULL,race_response_NULL,gender_response_NULL,education_response_NULL,income_response_NULL,country_response_NULL,age_response_NULL,99
WLL-7s0onjsmg8b8n7ir6f7vwh,0,0,626,181,14,140,Wed Dec 22 2021 14:59:44 GMT-0500 (Eastern Standard Time),endExperimentTime_NULL,NA,Wed Dec 22 2021 15:07:11 GMT-0500 (Eastern Standard Time),10,main,1640203631534,3,right,1000,522,633.875,604.7,638.675,157.8000030517578,1484,445.2,300,26.436631468446308,red,top-right,30,90,1140,played_response_NULL,difficulty_response_NULL,press_space_response_NULL,press_enter_response_NULL,dominant_hand_response_NULL,frequency_response_NULL,names_response_NULL,race_response_NULL,gender_response_NULL,education_response_NULL,income_response_NULL,country_response_NULL,age_response_NULL,100
WLL-7s0onjsmg8b8n7ir6f7vwh,0,0,626,181,14,140,Wed Dec 22 2021 14:59:44 GMT-0500 (Eastern Standard Time),endExperimentTime_NULL,NA,Wed Dec 22 2021 15:07:16 GMT-0500 (Eastern Standard Time),10,main,1640203636114,4,right,1000,528,623.2125244140625,604.7,628.0125244140625,261.8999938964844,1137,341.1,300,80.92502250211864,blue,bottom-right,20,110,1160,played_response_NULL,difficulty_response_NULL,press_space_response_NULL,press_enter_response_NULL,dominant_hand_response_NULL,frequency_response_NULL,names_response_NULL,race_response_NULL,gender_response_NULL,education_response_NULL,income_response_NULL,country_response_NULL,age_response_NULL,101
WLL-7s0onjsmg8b8n7ir6f7vwh,2610.39990234375,0,board_center_x_NULL,board_center_y_NULL,board_bullseye_radius_NULL,board_outerRing_radius_NULL,Wed Dec 22 2021 14:59:44 GMT-0500 (Eastern Standard Time),Wed Dec 22 2021 15:08:19 GMT-0500 (Eastern Standard Time),startTrialTime_NULL,endTrialTime_NULL,0,attention_checks,trial_duration_NULL,which_throw_NULL,arrow_startingDirection_NULL,H_animation_speed_time_NULL,arrow_H_moving_duration_NULL,arrow_H_stopping_x_NULL,arrow_H_stopping_y_NULL,arrow_V_stopping_x_NULL,arrow_V_stopping_y_NULL,strength_duration_NULL,up_distance_traveled_NULL,up_distance_unit_NULL,distance_from_radius_NULL,which_ring_NULL,which_quadrant_NULL,throw_score_NULL,trial_score_NULL,1160,Yes,2,left,right,left,1,Darts,Hispanic or Latino,Female,High school or GED,"$5,000 through $11,999",USA,19,102
WLL-9bdjcplykoule5fvf3jz8i,0,0,626,181,14,140,Wed Dec 22 2021 14:59:08 GMT-0500 (Eastern Standard Time),endExperimentTime_NULL,Wed Dec 22 2021 15:00:46 GMT-0500 (Eastern Standard Time),Wed Dec 22 2021 15:00:50 GMT-0500 (Eastern Standard Time),1,main,3508,0,right,1000,1537,691.6875,604.7,696.4875,426.59375,588,176.4,300,255.5088603068639,missed,bottom-right,0,0,0,played_response_NULL,difficulty_response_NULL,press_space_response_NULL,press_enter_response_NULL,dominant_hand_response_NULL,frequency_response_NULL,names_response_NULL,race_response_NULL,gender_response_NULL,education_response_NULL,income_response_NULL,country_response_NULL,age_response_NULL,103
WLL-9bdjcplykoule5fvf3jz8i,0,0,626,181,14,140,Wed Dec 22 2021 14:59:08 GMT-0500 (Eastern Standard Time),endExperimentTime_NULL,NA,Wed Dec 22 2021 15:00:56 GMT-0500 (Eastern Standard Time),1,main,1640203256011,1,right,1000,1558,693.203125,604.7,698.003125,256.796875,1154,346.2,300,104.54480508151156,black,bottom-right,10,10,10,played_response_NULL,difficulty_response_NULL,press_space_response_NULL,press_enter_response_NULL,dominant_hand_response_NULL,frequency_response_NULL,names_response_NULL,race_response_NULL,gender_response_NULL,education_response_NULL,income_response_NULL,country_response_NULL,age_response_NULL,104
WLL-9bdjcplykoule5fvf3jz8i,0,0,626,181,14,140,Wed Dec 22 2021 14:59:08 GMT-0500 (Eastern Standard Time),endExperimentTime_NULL,NA,Wed Dec 22 2021 15:01:02 GMT-0500 (Eastern Standard Time),1,main,1640203262967,2,right,1000,1544,691.6875,604.7,696.4875,108.59375,1648,494.4,300,101.05024836838598,black,top-right,10,20,20,played_response_NULL,difficulty_response_NULL,press_space_response_NULL,press_enter_response_NULL,dominant_hand_response_NULL,frequency_response_NULL,names_response_NULL,race_response_NULL,gender_response_NULL,education_response_NULL,income_response_NULL,country_response_NULL,age_response_NULL,105
WLL-9bdjcplykoule5fvf3jz8i,0,0,626,181,14,140,Wed Dec 22 2021 14:59:08 GMT-0500 (Eastern Standard Time),endExperimentTime_NULL,NA,Wed Dec 22 2021 15:01:08 GMT-0500 (Eastern Standard Time),1,main,1640203268963,3,right,1000,1535,667.375,604.7,672.175,224.390625,1262,378.6,300,63.3630567672569,blue,bottom-right,20,40,40,played_response_NULL,difficulty_response_NULL,press_space_response_NULL,press_enter_response_NULL,dominant_hand_response_NULL,frequency_response_NULL,names_response_NULL,race_response_NULL,gender_response_NULL,education_response_NULL,income_response_NULL,country_response_NULL,age_response_NULL,106
WLL-9bdjcplykoule5fvf3jz8i,0,0,626,181,14,140,Wed Dec 22 2021 14:59:08 GMT-0500 (Eastern Standard Time),endExperimentTime_NULL,NA,Wed Dec 22 2021 15:01:14 GMT-0500 (Eastern Standard Time),1,main,1640203274292,4,right,1000,553,571.640625,604.7,576.440625,142.5,1535,460.5,300,62.7565267553155,blue,top-left,20,60,60,played_response_NULL,difficulty_response_NULL,press_space_response_NULL,press_enter_response_NULL,dominant_hand_response_NULL,frequency_response_NULL,names_response_NULL,race_response_NULL,gender_response_NULL,education_response_NULL,income_response_NULL,country_response_NULL,age_response_NULL,107
WLL-9bdjcplykoule5fvf3jz8i,0,0,626,181,14,140,Wed Dec 22 2021 14:59:08 GMT-0500 (Eastern Standard Time),endExperimentTime_NULL,Wed Dec 22 2021 15:01:19 GMT-0500 (Eastern Standard Time),Wed Dec 22 2021 15:01:23 GMT-0500 (Eastern Standard Time),2,main,4604,0,right,1000,1567,717.359375,604.7,722.159375,263.09375,1133,339.9,300,126.43579077718903,white,bottom-right,5,5,65,played_response_NULL,difficulty_response_NULL,press_space_response_NULL,press_enter_response_NULL,dominant_hand_response_NULL,frequency_response_NULL,names_response_NULL,race_response_NULL,gender_response_NULL,education_response_NULL,income_response_NULL,country_response_NULL,age_response_NULL,108
WLL-9bdjcplykoule5fvf3jz8i,0,0,626,181,14,140,Wed Dec 22 2021 14:59:08 GMT-0500 (Eastern Standard Time),endExperimentTime_NULL,NA,Wed Dec 22 2021 15:01:29 GMT-0500 (Eastern Standard Time),2,main,1640203289517,1,right,1000,1523,641.5,604.7,646.3,218.6875,1281,384.3,300,42.8069813961461,red,bottom-right,30,35,95,played_response_NULL,difficulty_response_NULL,press_space_response_NULL,press_enter_response_NULL,dominant_hand_response_NULL,frequency_response_NULL,names_response_NULL,race_response_NULL,gender_response_NULL,education_response_NULL,income_response_NULL,country_response_NULL,age_response_NULL,109
WLL-9bdjcplykoule5fvf3jz8i,0,0,626,181,14,140,Wed Dec 22 2021 14:59:08 GMT-0500 (Eastern Standard Time),endExperimentTime_NULL,NA,Wed Dec 22 2021 15:01:34 GMT-0500 (Eastern Standard Time),2,main,1640203294624,2,right,1000,595,513.515625,604.7,518.315625,234.59375,1228,368.4,300,120.28389193155971,white,bottom-left,5,40,100,played_response_NULL,difficulty_response_NULL,press_space_response_NULL,press_enter_response_NULL,dominant_hand_response_NULL,frequency_response_NULL,names_response_NULL,race_response_NULL,gender_response_NULL,education_response_NULL,income_response_NULL,country_response_NULL,age_response_NULL,110
WLL-9bdjcplykoule5fvf3jz8i,0,0,626,181,14,140,Wed Dec 22 2021 14:59:08 GMT-0500 (Eastern Standard Time),endExperimentTime_NULL,NA,Wed Dec 22 2021 15:01:39 GMT-0500 (Eastern Standard Time),2,main,1640203299891,3,right,1000,582,529.75,604.7,534.55,176.09375,1423,426.9,300,91.5815144505839,black,top-left,10,50,110,played_response_NULL,difficulty_response_NULL,press_space_response_NULL,press_enter_response_NULL,dominant_hand_response_NULL,frequency_response_NULL,names_response_NULL,race_response_NULL,gender_response_NULL,education_response_NULL,income_response_NULL,country_response_NULL,age_response_NULL,111
WLL-9bdjcplykoule5fvf3jz8i,0,0,626,181,14,140,Wed Dec 22 2021 14:59:08 GMT-0500 (Eastern Standard Time),endExperimentTime_NULL,NA,Wed Dec 22 2021 15:01:46 GMT-0500 (Eastern Standard Time),2,main,1640203306804,4,right,1000,1565,717.359375,604.7,722.159375,74.6875,1761,528.3,300,143.34912994727458,missed,top-right,0,50,110,played_response_NULL,difficulty_response_NULL,press_space_response_NULL,press_enter_response_NULL,dominant_hand_response_NULL,frequency_response_NULL,names_response_NULL,race_response_NULL,gender_response_NULL,education_response_NULL,income_response_NULL,country_response_NULL,age_response_NULL,112
WLL-9bdjcplykoule5fvf3jz8i,0,0,626,181,14,140,Wed Dec 22 2021 14:59:08 GMT-0500 (Eastern Standard Time),endExperimentTime_NULL,Wed Dec 22 2021 15:01:51 GMT-0500 (Eastern Standard Time),Wed Dec 22 2021 15:01:55 GMT-0500 (Eastern Standard Time),3,main,3982,0,left,1000,1570,575.625,604.7,580.425,188.390625,1382,414.6,300,46.17035805460717,red,bottom-left,30,30,140,played_response_NULL,difficulty_response_NULL,press_space_response_NULL,press_enter_response_NULL,dominant_hand_response_NULL,frequency_response_NULL,names_response_NULL,race_response_NULL,gender_response_NULL,education_response_NULL,income_response_NULL,country_response_NULL,age_response_NULL,113
WLL-9bdjcplykoule5fvf3jz8i,0,0,626,181,14,140,Wed Dec 22 2021 14:59:08 GMT-0500 (Eastern Standard Time),endExperimentTime_NULL,NA,Wed Dec 22 2021 15:02:00 GMT-0500 (Eastern Standard Time),3,main,1640203320613,1,left,1000,492,630.171875,604.7,634.971875,205.5,1325,397.5,300,26.09108163751791,red,bottom-right,30,60,170,played_response_NULL,difficulty_response_NULL,press_space_response_NULL,press_enter_response_NULL,dominant_hand_response_NULL,frequency_response_NULL,names_response_NULL,race_response_NULL,gender_response_NULL,education_response_NULL,income_response_NULL,country_response_NULL,age_response_NULL,114
WLL-9bdjcplykoule5fvf3jz8i,0,0,626,181,14,140,Wed Dec 22 2021 14:59:08 GMT-0500 (Eastern Standard Time),endExperimentTime_NULL,NA,Wed Dec 22 2021 15:02:05 GMT-0500 (Eastern Standard Time),3,main,1640203325370,2,left,1000,533,688.03125,604.7,692.83125,249.890625,1177,353.1,300,95.98090533774474,black,bottom-right,10,70,180,played_response_NULL,difficulty_response_NULL,press_space_response_NULL,press_enter_response_NULL,dominant_hand_response_NULL,frequency_response_NULL,names_response_NULL,race_response_NULL,gender_response_NULL,education_response_NULL,income_response_NULL,country_response_NULL,age_response_NULL,115
WLL-9bdjcplykoule5fvf3jz8i,0,0,626,181,14,140,Wed Dec 22 2021 14:59:08 GMT-0500 (Eastern Standard Time),endExperimentTime_NULL,NA,Wed Dec 22 2021 15:02:10 GMT-0500 (Eastern Standard Time),3,main,1640203330633,3,left,1000,472,587.6875,604.7,592.4875,166.5,1455,436.5,300,36.51489636093745,red,top-left,30,100,210,played_response_NULL,difficulty_response_NULL,press_space_response_NULL,press_enter_response_NULL,dominant_hand_response_NULL,frequency_response_NULL,names_response_NULL,race_response_NULL,gender_response_NULL,education_response_NULL,income_response_NULL,country_response_NULL,age_response_NULL,116
WLL-9bdjcplykoule5fvf3jz8i,0,0,626,181,14,140,Wed Dec 22 2021 14:59:08 GMT-0500 (Eastern Standard Time),endExperimentTime_NULL,NA,Wed Dec 22 2021 15:02:15 GMT-0500 (Eastern Standard Time),3,main,1640203335717,4,left,1000,524,681.953125,604.7,686.753125,186,1390,417,300,60.958528503119396,blue,bottom-right,20,120,230,played_response_NULL,difficulty_response_NULL,press_space_response_NULL,press_enter_response_NULL,dominant_hand_response_NULL,frequency_response_NULL,names_response_NULL,race_response_NULL,gender_response_NULL,education_response_NULL,income_response_NULL,country_response_NULL,age_response_NULL,117
WLL-9bdjcplykoule5fvf3jz8i,0,0,626,181,14,140,Wed Dec 22 2021 14:59:08 GMT-0500 (Eastern Standard Time),endExperimentTime_NULL,Wed Dec 22 2021 15:02:19 GMT-0500 (Eastern Standard Time),Wed Dec 22 2021 15:02:24 GMT-0500 (Eastern Standard Time),4,main,4278,0,left,1000,1599,524.984375,604.7,529.784375,218.6875,1281,384.3,300,103.33341255562323,black,bottom-left,10,10,240,played_response_NULL,difficulty_response_NULL,press_space_response_NULL,press_enter_response_NULL,dominant_hand_response_NULL,frequency_response_NULL,names_response_NULL,race_response_NULL,gender_response_NULL,education_response_NULL,income_response_NULL,country_response_NULL,age_response_NULL,118
WLL-9bdjcplykoule5fvf3jz8i,0,0,626,181,14,140,Wed Dec 22 2021 14:59:08 GMT-0500 (Eastern Standard Time),endExperimentTime_NULL,NA,Wed Dec 22 2021 15:02:30 GMT-0500 (Eastern Standard Time),4,main,1640203350515,1,left,1000,1500,677.375,604.7,682.175,155.6875,1491,447.3,300,61.614554134960635,blue,top-right,20,30,260,played_response_NULL,difficulty_response_NULL,press_space_response_NULL,press_enter_response_NULL,dominant_hand_response_NULL,frequency_response_NULL,names_response_NULL,race_response_NULL,gender_response_NULL,education_response_NULL,income_response_NULL,country_response_NULL,age_response_NULL,119
WLL-9bdjcplykoule5fvf3jz8i,0,0,626,181,14,140,Wed Dec 22 2021 14:59:08 GMT-0500 (Eastern Standard Time),endExperimentTime_NULL,NA,Wed Dec 22 2021 15:02:35 GMT-0500 (Eastern Standard Time),4,main,1640203355874,2,left,1000,521,660.640625,604.7,665.440625,129,1580,474,300,65.26532693851017,blue,top-right,20,50,280,played_response_NULL,difficulty_response_NULL,press_space_response_NULL,press_enter_response_NULL,dominant_hand_response_NULL,frequency_response_NULL,names_response_NULL,race_response_NULL,gender_response_NULL,education_response_NULL,income_response_NULL,country_response_NULL,age_response_NULL,120
WLL-9bdjcplykoule5fvf3jz8i,0,0,626,181,14,140,Wed Dec 22 2021 14:59:08 GMT-0500 (Eastern Standard Time),endExperimentTime_NULL,NA,Wed Dec 22 2021 15:02:40 GMT-0500 (Eastern Standard Time),4,main,1640203360716,3,left,1000,526,674.34375,604.7,679.14375,230.09375,1243,372.9,300,72.34952973672321,blue,bottom-right,20,70,300,played_response_NULL,difficulty_response_NULL,press_space_response_NULL,press_enter_response_NULL,dominant_hand_response_NULL,frequency_response_NULL,names_response_NULL,race_response_NULL,gender_response_NULL,education_response_NULL,income_response_NULL,country_response_NULL,age_response_NULL,121
WLL-9bdjcplykoule5fvf3jz8i,0,0,626,181,14,140,Wed Dec 22 2021 14:59:08 GMT-0500 (Eastern Standard Time),endExperimentTime_NULL,NA,Wed Dec 22 2021 15:02:45 GMT-0500 (Eastern Standard Time),4,main,1640203365581,4,left,1000,486,605.84375,604.7,610.64375,223.796875,1264,379.2,300,45.46852673914261,red,bottom-left,30,100,330,played_response_NULL,difficulty_response_NULL,press_space_response_NULL,press_enter_response_NULL,dominant_hand_response_NULL,frequency_response_NULL,names_response_NULL,race_response_NULL,gender_response_NULL,education_response_NULL,income_response_NULL,country_response_NULL,age_response_NULL,122
WLL-9bdjcplykoule5fvf3jz8i,0,0,626,181,14,140,Wed Dec 22 2021 14:59:08 GMT-0500 (Eastern Standard Time),endExperimentTime_NULL,Wed Dec 22 2021 15:02:49 GMT-0500 (Eastern Standard Time),Wed Dec 22 2021 15:02:53 GMT-0500 (Eastern Standard Time),5,main,4226,0,right,1000,1584,742.828125,604.7,747.628125,259.1875,1146,343.8,300,144.59144493110793,missed,bottom-right,0,0,330,played_response_NULL,difficulty_response_NULL,press_space_response_NULL,press_enter_response_NULL,dominant_hand_response_NULL,frequency_response_NULL,names_response_NULL,race_response_NULL,gender_response_NULL,education_response_NULL,income_response_NULL,country_response_NULL,age_response_NULL,123
WLL-9bdjcplykoule5fvf3jz8i,0,0,626,181,14,140,Wed Dec 22 2021 14:59:08 GMT-0500 (Eastern Standard Time),endExperimentTime_NULL,NA,Wed Dec 22 2021 15:02:59 GMT-0500 (Eastern Standard Time),5,main,1640203379734,1,right,1000,1523,641.5,604.7,646.3,205.1875,1326,397.8,300,31.57728861460398,red,bottom-right,30,30,360,played_response_NULL,difficulty_response_NULL,press_space_response_NULL,press_enter_response_NULL,dominant_hand_response_NULL,frequency_response_NULL,names_response_NULL,race_response_NULL,gender_response_NULL,education_response_NULL,income_response_NULL,country_response_NULL,age_response_NULL,124
WLL-9bdjcplykoule5fvf3jz8i,0,0,626,181,14,140,Wed Dec 22 2021 14:59:08 GMT-0500 (Eastern Standard Time),endExperimentTime_NULL,NA,Wed Dec 22 2021 15:03:06 GMT-0500 (Eastern Standard Time),5,main,1640203386130,2,right,1000,1559,717.359375,604.7,722.159375,191.390625,1372,411.6,300,96.71913196612778,black,bottom-right,10,40,370,played_response_NULL,difficulty_response_NULL,press_space_response_NULL,press_enter_response_NULL,dominant_hand_response_NULL,frequency_response_NULL,names_response_NULL,race_response_NULL,gender_response_NULL,education_response_NULL,income_response_NULL,country_response_NULL,age_response_NULL,125
WLL-9bdjcplykoule5fvf3jz8i,0,0,626,181,14,140,Wed Dec 22 2021 14:59:08 GMT-0500 (Eastern Standard Time),endExperimentTime_NULL,NA,Wed Dec 22 2021 15:03:12 GMT-0500 (Eastern Standard Time),5,main,1640203392536,3,right,1000,1517,641.5,604.7,646.3,107.6875,1651,495.3,300,76.07110263595499,blue,top-right,20,60,390,played_response_NULL,difficulty_response_NULL,press_space_response_NULL,press_enter_response_NULL,dominant_hand_response_NULL,frequency_response_NULL,names_response_NULL,race_response_NULL,gender_response_NULL,education_response_NULL,income_response_NULL,country_response_NULL,age_response_NULL,126
WLL-9bdjcplykoule5fvf3jz8i,0,0,626,181,14,140,Wed Dec 22 2021 14:59:08 GMT-0500 (Eastern Standard Time),endExperimentTime_NULL,NA,Wed Dec 22 2021 15:03:18 GMT-0500 (Eastern Standard Time),5,main,1640203398445,4,right,1000,1532,665.859375,604.7,670.659375,222,1270,381,300,60.62557030981746,blue,bottom-right,20,80,410,played_response_NULL,difficulty_response_NULL,press_space_response_NULL,press_enter_response_NULL,dominant_hand_response_NULL,frequency_response_NULL,names_response_NULL,race_response_NULL,gender_response_NULL,education_response_NULL,income_response_NULL,country_response_NULL,age_response_NULL,127
WLL-9bdjcplykoule5fvf3jz8i,0,0,626,181,14,140,Wed Dec 22 2021 14:59:08 GMT-0500 (Eastern Standard Time),endExperimentTime_NULL,Wed Dec 22 2021 15:03:25 GMT-0500 (Eastern Standard Time),Wed Dec 22 2021 15:03:29 GMT-0500 (Eastern Standard Time),6,main,4045,0,right,1000,1550,693.203125,604.7,698.003125,196.5,1355,406.5,300,73.65256281872082,blue,bottom-right,20,20,430,played_response_NULL,difficulty_response_NULL,press_space_response_NULL,press_enter_response_NULL,dominant_hand_response_NULL,frequency_response_NULL,names_response_NULL,race_response_NULL,gender_response_NULL,education_response_NULL,income_response_NULL,country_response_NULL,age_response_NULL,128
WLL-9bdjcplykoule5fvf3jz8i,0,0,626,181,14,140,Wed Dec 22 2021 14:59:08 GMT-0500 (Eastern Standard Time),endExperimentTime_NULL,NA,Wed Dec 22 2021 15:03:35 GMT-0500 (Eastern Standard Time),6,main,1640203415707,1,right,1000,1532,641.5,604.7,646.3,190.1875,1376,412.8,300,22.282283461306164,red,bottom-right,30,50,460,played_response_NULL,difficulty_response_NULL,press_space_response_NULL,press_enter_response_NULL,dominant_hand_response_NULL,frequency_response_NULL,names_response_NULL,race_response_NULL,gender_response_NULL,education_response_NULL,income_response_NULL,country_response_NULL,age_response_NULL,129
WLL-9bdjcplykoule5fvf3jz8i,0,0,626,181,14,140,Wed Dec 22 2021 14:59:08 GMT-0500 (Eastern Standard Time),endExperimentTime_NULL,NA,Wed Dec 22 2021 15:03:41 GMT-0500 (Eastern Standard Time),6,main,1640203421779,2,right,1000,1594,766.53125,604.7,771.33125,308.6875,981,294.3,300,193.45611875258038,missed,bottom-right,0,50,460,played_response_NULL,difficulty_response_NULL,press_space_response_NULL,press_enter_response_NULL,dominant_hand_response_NULL,frequency_response_NULL,names_response_NULL,race_response_NULL,gender_response_NULL,education_response_NULL,income_response_NULL,country_response_NULL,age_response_NULL,130
WLL-9bdjcplykoule5fvf3jz8i,0,0,626,181,14,140,Wed Dec 22 2021 14:59:08 GMT-0500 (Eastern Standard Time),endExperimentTime_NULL,NA,Wed Dec 22 2021 15:03:48 GMT-0500 (Eastern Standard Time),6,main,1640203428078,3,right,1000,1523,641.5,604.7,646.3,133.1875,1566,469.8,300,51.94348040177899,red,top-right,30,80,490,played_response_NULL,difficulty_response_NULL,press_space_response_NULL,press_enter_response_NULL,dominant_hand_response_NULL,frequency_response_NULL,names_response_NULL,race_response_NULL,gender_response_NULL,education_response_NULL,income_response_NULL,country_response_NULL,age_response_NULL,131
WLL-9bdjcplykoule5fvf3jz8i,0,0,626,181,14,140,Wed Dec 22 2021 14:59:08 GMT-0500 (Eastern Standard Time),endExperimentTime_NULL,NA,Wed Dec 22 2021 15:03:53 GMT-0500 (Eastern Standard Time),6,main,1640203433469,4,right,1000,1511,641.5,604.7,646.3,277.5,1085,325.5,300,98.61206822696703,black,bottom-right,10,90,500,played_response_NULL,difficulty_response_NULL,press_space_response_NULL,press_enter_response_NULL,dominant_hand_response_NULL,frequency_response_NULL,names_response_NULL,race_response_NULL,gender_response_NULL,education_response_NULL,income_response_NULL,country_response_NULL,age_response_NULL,132
WLL-9bdjcplykoule5fvf3jz8i,0,0,626,181,14,140,Wed Dec 22 2021 14:59:08 GMT-0500 (Eastern Standard Time),endExperimentTime_NULL,Wed Dec 22 2021 15:03:58 GMT-0500 (Eastern Standard Time),Wed Dec 22 2021 15:04:01 GMT-0500 (Eastern Standard Time),7,main,3786,0,left,1000,1532,625.609375,604.7,630.409375,221.390625,1272,381.6,300,40.6305940859994,red,bottom-right,30,30,530,played_response_NULL,difficulty_response_NULL,press_space_response_NULL,press_enter_response_NULL,dominant_hand_response_NULL,frequency_response_NULL,names_response_NULL,race_response_NULL,gender_response_NULL,education_response_NULL,income_response_NULL,country_response_NULL,age_response_NULL,133
WLL-9bdjcplykoule5fvf3jz8i,0,0,626,181,14,140,Wed Dec 22 2021 14:59:08 GMT-0500 (Eastern Standard Time),endExperimentTime_NULL,NA,Wed Dec 22 2021 15:04:06 GMT-0500 (Eastern Standard Time),7,main,1640203446834,1,left,1000,519,659.109375,604.7,663.909375,218.6875,1281,384.3,300,53.45529318169176,red,bottom-right,30,60,560,played_response_NULL,difficulty_response_NULL,press_space_response_NULL,press_enter_response_NULL,dominant_hand_response_NULL,frequency_response_NULL,names_response_NULL,race_response_NULL,gender_response_NULL,education_response_NULL,income_response_NULL,country_response_NULL,age_response_NULL,134
WLL-9bdjcplykoule5fvf3jz8i,0,0,626,181,14,140,Wed Dec 22 2021 14:59:08 GMT-0500 (Eastern Standard Time),endExperimentTime_NULL,NA,Wed Dec 22 2021 15:04:12 GMT-0500 (Eastern Standard Time),7,main,1640203452049,2,left,1000,530,692.578125,604.7,697.378125,199.796875,1344,403.2,300,73.81164703677356,blue,bottom-right,20,80,580,played_response_NULL,difficulty_response_NULL,press_space_response_NULL,press_enter_response_NULL,dominant_hand_response_NULL,frequency_response_NULL,names_response_NULL,race_response_NULL,gender_response_NULL,education_response_NULL,income_response_NULL,country_response_NULL,age_response_NULL,135
WLL-9bdjcplykoule5fvf3jz8i,0,0,626,181,14,140,Wed Dec 22 2021 14:59:08 GMT-0500 (Eastern Standard Time),endExperimentTime_NULL,NA,Wed Dec 22 2021 15:04:18 GMT-0500 (Eastern Standard Time),7,main,1640203458255,3,left,1000,1576,575.625,604.7,580.425,174.59375,1428,428.4,300,46.023044923847706,red,top-left,30,110,610,played_response_NULL,difficulty_response_NULL,press_space_response_NULL,press_enter_response_NULL,dominant_hand_response_NULL,frequency_response_NULL,names_response_NULL,race_response_NULL,gender_response_NULL,education_response_NULL,income_response_NULL,country_response_NULL,age_response_NULL,136
WLL-9bdjcplykoule5fvf3jz8i,0,0,626,181,14,140,Wed Dec 22 2021 14:59:08 GMT-0500 (Eastern Standard Time),endExperimentTime_NULL,NA,Wed Dec 22 2021 15:04:24 GMT-0500 (Eastern Standard Time),7,main,1640203464511,4,left,1000,1556,575.625,604.7,580.425,152.6875,1501,450.3,300,53.65331565942597,red,top-left,30,140,640,played_response_NULL,difficulty_response_NULL,press_space_response_NULL,press_enter_response_NULL,dominant_hand_response_NULL,frequency_response_NULL,names_response_NULL,race_response_NULL,gender_response_NULL,education_response_NULL,income_response_NULL,country_response_NULL,age_response_NULL,137
WLL-9bdjcplykoule5fvf3jz8i,0,0,626,181,14,140,Wed Dec 22 2021 14:59:08 GMT-0500 (Eastern Standard Time),endExperimentTime_NULL,Wed Dec 22 2021 15:04:28 GMT-0500 (Eastern Standard Time),Wed Dec 22 2021 15:04:32 GMT-0500 (Eastern Standard Time),8,main,4060,0,right,1000,1554,693.203125,604.7,698.003125,236.390625,1222,366.6,300,90.84366432314498,black,bottom-right,10,10,650,played_response_NULL,difficulty_response_NULL,press_space_response_NULL,press_enter_response_NULL,dominant_hand_response_NULL,frequency_response_NULL,names_response_NULL,race_response_NULL,gender_response_NULL,education_response_NULL,income_response_NULL,country_response_NULL,age_response_NULL,138
WLL-9bdjcplykoule5fvf3jz8i,0,0,626,181,14,140,Wed Dec 22 2021 14:59:08 GMT-0500 (Eastern Standard Time),endExperimentTime_NULL,NA,Wed Dec 22 2021 15:04:37 GMT-0500 (Eastern Standard Time),8,main,1640203477414,1,right,1000,567,559.609375,604.7,564.409375,187.5,1385,415.5,300,61.93266575798777,blue,bottom-left,20,30,670,played_response_NULL,difficulty_response_NULL,press_space_response_NULL,press_enter_response_NULL,dominant_hand_response_NULL,frequency_response_NULL,names_response_NULL,race_response_NULL,gender_response_NULL,education_response_NULL,income_response_NULL,country_response_NULL,age_response_NULL,139
WLL-9bdjcplykoule5fvf3jz8i,0,0,626,181,14,140,Wed Dec 22 2021 14:59:08 GMT-0500 (Eastern Standard Time),endExperimentTime_NULL,NA,Wed Dec 22 2021 15:04:42 GMT-0500 (Eastern Standard Time),8,main,1640203482579,2,right,1000,555,567.125,604.7,571.925,180.59375,1408,422.4,300,54.07652599846355,red,top-left,30,60,700,played_response_NULL,difficulty_response_NULL,press_space_response_NULL,press_enter_response_NULL,dominant_hand_response_NULL,frequency_response_NULL,names_response_NULL,race_response_NULL,gender_response_NULL,education_response_NULL,income_response_NULL,country_response_NULL,age_response_NULL,140
WLL-9bdjcplykoule5fvf3jz8i,0,0,626,181,14,140,Wed Dec 22 2021 14:59:08 GMT-0500 (Eastern Standard Time),endExperimentTime_NULL,NA,Wed Dec 22 2021 15:04:47 GMT-0500 (Eastern Standard Time),8,main,1640203487894,3,right,1000,1538,667.375,604.7,672.175,291,1040,312,300,119.29849380859758,white,bottom-right,5,65,705,played_response_NULL,difficulty_response_NULL,press_space_response_NULL,press_enter_response_NULL,dominant_hand_response_NULL,frequency_response_NULL,names_response_NULL,race_response_NULL,gender_response_NULL,education_response_NULL,income_response_NULL,country_response_NULL,age_response_NULL,141
WLL-9bdjcplykoule5fvf3jz8i,0,0,626,181,14,140,Wed Dec 22 2021 14:59:08 GMT-0500 (Eastern Standard Time),endExperimentTime_NULL,NA,Wed Dec 22 2021 15:04:52 GMT-0500 (Eastern Standard Time),8,main,1640203492968,4,right,1000,572,535.6875,604.7,540.4875,212.09375,1303,390.9,300,90.99015850800848,black,bottom-left,10,75,715,played_response_NULL,difficulty_response_NULL,press_space_response_NULL,press_enter_response_NULL,dominant_hand_response_NULL,frequency_response_NULL,names_response_NULL,race_response_NULL,gender_response_NULL,education_response_NULL,income_response_NULL,country_response_NULL,age_response_NULL,142
WLL-9bdjcplykoule5fvf3jz8i,0,0,626,181,14,140,Wed Dec 22 2021 14:59:08 GMT-0500 (Eastern Standard Time),endExperimentTime_NULL,Wed Dec 22 2021 15:04:56 GMT-0500 (Eastern Standard Time),Wed Dec 22 2021 15:05:00 GMT-0500 (Eastern Standard Time),9,main,4390,0,left,1000,1591,550.15625,604.7,554.95625,167.6875,1451,435.3,300,72.28026750305028,blue,top-left,20,20,735,played_response_NULL,difficulty_response_NULL,press_space_response_NULL,press_enter_response_NULL,dominant_hand_response_NULL,frequency_response_NULL,names_response_NULL,race_response_NULL,gender_response_NULL,education_response_NULL,income_response_NULL,country_response_NULL,age_response_NULL,143
WLL-9bdjcplykoule5fvf3jz8i,0,0,626,181,14,140,Wed Dec 22 2021 14:59:08 GMT-0500 (Eastern Standard Time),endExperimentTime_NULL,NA,Wed Dec 22 2021 15:05:06 GMT-0500 (Eastern Standard Time),9,main,1640203506260,1,left,1000,554,707.734375,604.7,712.534375,133.796875,1564,469.2,300,98.57146172400124,black,top-right,10,30,745,played_response_NULL,difficulty_response_NULL,press_space_response_NULL,press_enter_response_NULL,dominant_hand_response_NULL,frequency_response_NULL,names_response_NULL,race_response_NULL,gender_response_NULL,education_response_NULL,income_response_NULL,country_response_NULL,age_response_NULL,144
WLL-9bdjcplykoule5fvf3jz8i,0,0,626,181,14,140,Wed Dec 22 2021 14:59:08 GMT-0500 (Eastern Standard Time),endExperimentTime_NULL,NA,Wed Dec 22 2021 15:05:12 GMT-0500 (Eastern Standard Time),9,main,1640203512620,2,left,1000,1535,601.296875,604.7,606.096875,118.1875,1616,484.8,300,65.89039794245916,blue,top-left,20,50,765,played_response_NULL,difficulty_response_NULL,press_space_response_NULL,press_enter_response_NULL,dominant_hand_response_NULL,frequency_response_NULL,names_response_NULL,race_response_NULL,gender_response_NULL,education_response_NULL,income_response_NULL,country_response_NULL,age_response_NULL,145
WLL-9bdjcplykoule5fvf3jz8i,0,0,626,181,14,140,Wed Dec 22 2021 14:59:08 GMT-0500 (Eastern Standard Time),endExperimentTime_NULL,NA,Wed Dec 22 2021 15:05:18 GMT-0500 (Eastern Standard Time),9,main,1640203518465,3,left,1000,1576,550.15625,604.7,554.95625,232.796875,1234,370.2,300,87.92116169516945,black,bottom-left,10,60,775,played_response_NULL,difficulty_response_NULL,press_space_response_NULL,press_enter_response_NULL,dominant_hand_response_NULL,frequency_response_NULL,names_response_NULL,race_response_NULL,gender_response_NULL,education_response_NULL,income_response_NULL,country_response_NULL,age_response_NULL,146
WLL-9bdjcplykoule5fvf3jz8i,0,0,626,181,14,140,Wed Dec 22 2021 14:59:08 GMT-0500 (Eastern Standard Time),endExperimentTime_NULL,NA,Wed Dec 22 2021 15:05:23 GMT-0500 (Eastern Standard Time),9,main,1640203523983,4,left,1000,522,681.953125,604.7,686.753125,101.6875,1671,501.3,300,99.90703105145113,black,top-right,10,70,785,played_response_NULL,difficulty_response_NULL,press_space_response_NULL,press_enter_response_NULL,dominant_hand_response_NULL,frequency_response_NULL,names_response_NULL,race_response_NULL,gender_response_NULL,education_response_NULL,income_response_NULL,country_response_NULL,age_response_NULL,147
WLL-9bdjcplykoule5fvf3jz8i,0,0,626,181,14,140,Wed Dec 22 2021 14:59:08 GMT-0500 (Eastern Standard Time),endExperimentTime_NULL,Wed Dec 22 2021 15:05:27 GMT-0500 (Eastern Standard Time),Wed Dec 22 2021 15:05:31 GMT-0500 (Eastern Standard Time),10,main,3957,0,right,1000,1533,665.859375,604.7,670.659375,151.796875,1504,451.2,300,53.35993145756698,red,top-right,30,30,815,played_response_NULL,difficulty_response_NULL,press_space_response_NULL,press_enter_response_NULL,dominant_hand_response_NULL,frequency_response_NULL,names_response_NULL,race_response_NULL,gender_response_NULL,education_response_NULL,income_response_NULL,country_response_NULL,age_response_NULL,148
WLL-9bdjcplykoule5fvf3jz8i,0,0,626,181,14,140,Wed Dec 22 2021 14:59:08 GMT-0500 (Eastern Standard Time),endExperimentTime_NULL,NA,Wed Dec 22 2021 15:05:37 GMT-0500 (Eastern Standard Time),10,main,1640203537279,1,right,1000,1544,691.6875,604.7,696.4875,246,1190,357,300,95.88267651797166,black,bottom-right,10,40,825,played_response_NULL,difficulty_response_NULL,press_space_response_NULL,press_enter_response_NULL,dominant_hand_response_NULL,frequency_response_NULL,names_response_NULL,race_response_NULL,gender_response_NULL,education_response_NULL,income_response_NULL,country_response_NULL,age_response_NULL,149
WLL-9bdjcplykoule5fvf3jz8i,0,0,626,181,14,140,Wed Dec 22 2021 14:59:08 GMT-0500 (Eastern Standard Time),endExperimentTime_NULL,NA,Wed Dec 22 2021 15:05:43 GMT-0500 (Eastern Standard Time),10,main,1640203543267,2,right,1000,1524,667.375,604.7,672.175,167.390625,1452,435.6,300,48.13881711146028,red,top-right,30,70,855,played_response_NULL,difficulty_response_NULL,press_space_response_NULL,press_enter_response_NULL,dominant_hand_response_NULL,frequency_response_NULL,names_response_NULL,race_response_NULL,gender_response_NULL,education_response_NULL,income_response_NULL,country_response_NULL,age_response_NULL,150
WLL-9bdjcplykoule5fvf3jz8i,0,0,626,181,14,140,Wed Dec 22 2021 14:59:08 GMT-0500 (Eastern Standard Time),endExperimentTime_NULL,NA,Wed Dec 22 2021 15:05:49 GMT-0500 (Eastern Standard Time),10,main,1640203549047,3,right,1000,1516,641.5,604.7,646.3,204.890625,1327,398.1,300,31.35046989904016,red,bottom-right,30,100,885,played_response_NULL,difficulty_response_NULL,press_space_response_NULL,press_enter_response_NULL,dominant_hand_response_NULL,frequency_response_NULL,names_response_NULL,race_response_NULL,gender_response_NULL,education_response_NULL,income_response_NULL,country_response_NULL,age_response_NULL,151
WLL-9bdjcplykoule5fvf3jz8i,0,0,626,181,14,140,Wed Dec 22 2021 14:59:08 GMT-0500 (Eastern Standard Time),endExperimentTime_NULL,NA,Wed Dec 22 2021 15:05:54 GMT-0500 (Eastern Standard Time),10,main,1640203554433,4,right,1000,1545,667.375,604.7,672.175,291,1040,312,300,119.29849380859758,white,bottom-right,5,105,890,played_response_NULL,difficulty_response_NULL,press_space_response_NULL,press_enter_response_NULL,dominant_hand_response_NULL,frequency_response_NULL,names_response_NULL,race_response_NULL,gender_response_NULL,education_response_NULL,income_response_NULL,country_response_NULL,age_response_NULL,152
WLL-9bdjcplykoule5fvf3jz8i,2512,0,board_center_x_NULL,board_center_y_NULL,board_bullseye_radius_NULL,board_outerRing_radius_NULL,Wed Dec 22 2021 14:59:08 GMT-0500 (Eastern Standard Time),Wed Dec 22 2021 15:06:39 GMT-0500 (Eastern Standard Time),startTrialTime_NULL,endTrialTime_NULL,0,attention_checks,trial_duration_NULL,which_throw_NULL,arrow_startingDirection_NULL,H_animation_speed_time_NULL,arrow_H_moving_duration_NULL,arrow_H_stopping_x_NULL,arrow_H_stopping_y_NULL,arrow_V_stopping_x_NULL,arrow_V_stopping_y_NULL,strength_duration_NULL,up_distance_traveled_NULL,up_distance_unit_NULL,distance_from_radius_NULL,which_ring_NULL,which_quadrant_NULL,throw_score_NULL,trial_score_NULL,890,No,5,left,right,right,0,None,Hispanic or Latino,Male,Master's degree,"$100,000 through $149,999",USA,36,153
WLL-bzbb6hjd9j4px0fsrsbeu,0,0,626,181,14,140,Wed Dec 22 2021 11:59:45 GMT-0800 (Pacific Standard Time),endExperimentTime_NULL,Wed Dec 22 2021 12:07:43 GMT-0800 (Pacific Standard Time),Wed Dec 22 2021 12:07:49 GMT-0800 (Pacific Standard Time),1,main,5910,0,right,1000,3455,540.15625,604.7,544.95625,318.890625,947,284.1,300,159.94347087941145,missed,bottom-left,0,0,0,played_response_NULL,difficulty_response_NULL,press_space_response_NULL,press_enter_response_NULL,dominant_hand_response_NULL,frequency_response_NULL,names_response_NULL,race_response_NULL,gender_response_NULL,education_response_NULL,income_response_NULL,country_response_NULL,age_response_NULL,154
WLL-bzbb6hjd9j4px0fsrsbeu,0,0,626,181,14,140,Wed Dec 22 2021 11:59:45 GMT-0800 (Pacific Standard Time),endExperimentTime_NULL,NA,Wed Dec 22 2021 12:07:57 GMT-0800 (Pacific Standard Time),1,main,1640203677572,1,right,1000,3485,591.296875,604.7,596.096875,200.09375,1343,402.9,300,35.47912307016801,red,bottom-left,30,30,30,played_response_NULL,difficulty_response_NULL,press_space_response_NULL,press_enter_response_NULL,dominant_hand_response_NULL,frequency_response_NULL,names_response_NULL,race_response_NULL,gender_response_NULL,education_response_NULL,income_response_NULL,country_response_NULL,age_response_NULL,155
WLL-bzbb6hjd9j4px0fsrsbeu,0,0,626,181,14,140,Wed Dec 22 2021 11:59:45 GMT-0800 (Pacific Standard Time),endExperimentTime_NULL,NA,Wed Dec 22 2021 12:08:06 GMT-0800 (Pacific Standard Time),1,main,1640203686120,2,right,1000,11,1126.296875,604.7,1131.096875,432.59375,568,170.4,300,564.2891707040177,missed,bottom-right,0,30,30,played_response_NULL,difficulty_response_NULL,press_space_response_NULL,press_enter_response_NULL,dominant_hand_response_NULL,frequency_response_NULL,names_response_NULL,race_response_NULL,gender_response_NULL,education_response_NULL,income_response_NULL,country_response_NULL,age_response_NULL,156
WLL-bzbb6hjd9j4px0fsrsbeu,0,0,626,181,14,140,Wed Dec 22 2021 11:59:45 GMT-0800 (Pacific Standard Time),endExperimentTime_NULL,NA,Wed Dec 22 2021 12:08:16 GMT-0800 (Pacific Standard Time),1,main,1640203696156,3,right,1000,4533,615.609375,604.7,620.409375,57.296875,1819,545.7,300,123.8293915944686,white,top-left,5,35,35,played_response_NULL,difficulty_response_NULL,press_space_response_NULL,press_enter_response_NULL,dominant_hand_response_NULL,frequency_response_NULL,names_response_NULL,race_response_NULL,gender_response_NULL,education_response_NULL,income_response_NULL,country_response_NULL,age_response_NULL,157
WLL-bzbb6hjd9j4px0fsrsbeu,0,0,626,181,14,140,Wed Dec 22 2021 11:59:45 GMT-0800 (Pacific Standard Time),endExperimentTime_NULL,NA,Wed Dec 22 2021 12:11:14 GMT-0800 (Pacific Standard Time),1,main,1640203874935,4,right,1000,169757,1126.5,358.996875,1131.3,357.296875,819,245.7,300,535.1716342770472,missed,bottom-right,0,35,35,played_response_NULL,difficulty_response_NULL,press_space_response_NULL,press_enter_response_NULL,dominant_hand_response_NULL,frequency_response_NULL,names_response_NULL,race_response_NULL,gender_response_NULL,education_response_NULL,income_response_NULL,country_response_NULL,age_response_NULL,158
WLL-bzbb6hjd9j4px0fsrsbeu,0,0,626,181,14,140,Wed Dec 22 2021 11:59:45 GMT-0800 (Pacific Standard Time),endExperimentTime_NULL,Wed Dec 22 2021 12:11:22 GMT-0800 (Pacific Standard Time),Wed Dec 22 2021 12:11:29 GMT-0800 (Pacific Standard Time),2,main,7067,0,right,1000,2590,540.15625,604.7,544.95625,-198.296875,2671,801.3,300,387.85849068807056,missed,top-left,0,0,35,played_response_NULL,difficulty_response_NULL,press_space_response_NULL,press_enter_response_NULL,dominant_hand_response_NULL,frequency_response_NULL,names_response_NULL,race_response_NULL,gender_response_NULL,education_response_NULL,income_response_NULL,country_response_NULL,age_response_NULL,159
WLL-bzbb6hjd9j4px0fsrsbeu,0,0,626,181,14,140,Wed Dec 22 2021 11:59:45 GMT-0800 (Pacific Standard Time),endExperimentTime_NULL,NA,Wed Dec 22 2021 12:11:36 GMT-0800 (Pacific Standard Time),2,main,1640203896399,1,right,1000,2554,565.625,241.996875,570.425,240.296875,1209,362.7,300,81.26930545886086,blue,bottom-left,20,20,55,played_response_NULL,difficulty_response_NULL,press_space_response_NULL,press_enter_response_NULL,dominant_hand_response_NULL,frequency_response_NULL,names_response_NULL,race_response_NULL,gender_response_NULL,education_response_NULL,income_response_NULL,country_response_NULL,age_response_NULL,160
WLL-bzbb6hjd9j4px0fsrsbeu,0,0,626,181,14,140,Wed Dec 22 2021 11:59:45 GMT-0800 (Pacific Standard Time),endExperimentTime_NULL,NA,Wed Dec 22 2021 12:11:42 GMT-0800 (Pacific Standard Time),2,main,1640203902942,2,right,1000,1496,615.609375,75.496875,620.409375,73.796875,1764,529.2,300,107.34880110022772,black,top-left,10,30,65,played_response_NULL,difficulty_response_NULL,press_space_response_NULL,press_enter_response_NULL,dominant_hand_response_NULL,frequency_response_NULL,names_response_NULL,race_response_NULL,gender_response_NULL,education_response_NULL,income_response_NULL,country_response_NULL,age_response_NULL,161
WLL-bzbb6hjd9j4px0fsrsbeu,0,0,626,181,14,140,Wed Dec 22 2021 11:59:45 GMT-0800 (Pacific Standard Time),endExperimentTime_NULL,NA,Wed Dec 22 2021 12:11:48 GMT-0800 (Pacific Standard Time),2,main,1640203908772,3,right,1000,1499,615.609375,272.29375,620.409375,270.59375,1108,332.4,300,89.76800725733598,black,bottom-left,10,40,75,played_response_NULL,difficulty_response_NULL,press_space_response_NULL,press_enter_response_NULL,dominant_hand_response_NULL,frequency_response_NULL,names_response_NULL,race_response_NULL,gender_response_NULL,education_response_NULL,income_response_NULL,country_response_NULL,age_response_NULL,162
WLL-bzbb6hjd9j4px0fsrsbeu,0,0,626,181,14,140,Wed Dec 22 2021 11:59:45 GMT-0800 (Pacific Standard Time),endExperimentTime_NULL,NA,Wed Dec 22 2021 12:11:55 GMT-0800 (Pacific Standard Time),2,main,1640203915062,4,right,1000,1539,667.375,604.7,672.175,137.6875,1551,465.3,300,63.309582854809555,blue,top-right,20,60,95,played_response_NULL,difficulty_response_NULL,press_space_response_NULL,press_enter_response_NULL,dominant_hand_response_NULL,frequency_response_NULL,names_response_NULL,race_response_NULL,gender_response_NULL,education_response_NULL,income_response_NULL,country_response_NULL,age_response_NULL,163
WLL-bzbb6hjd9j4px0fsrsbeu,0,0,626,181,14,140,Wed Dec 22 2021 11:59:45 GMT-0800 (Pacific Standard Time),endExperimentTime_NULL,Wed Dec 22 2021 12:22:41 GMT-0800 (Pacific Standard Time),Wed Dec 22 2021 12:22:46 GMT-0800 (Pacific Standard Time),3,main,4961,0,right,1000,2533,615.609375,187.090625,620.409375,185.390625,1392,417.6,300,7.108633889943307,bullseye,bottom-left,50,50,145,played_response_NULL,difficulty_response_NULL,press_space_response_NULL,press_enter_response_NULL,dominant_hand_response_NULL,frequency_response_NULL,names_response_NULL,race_response_NULL,gender_response_NULL,education_response_NULL,income_response_NULL,country_response_NULL,age_response_NULL,164
WLL-bzbb6hjd9j4px0fsrsbeu,0,0,626,181,14,140,Wed Dec 22 2021 11:59:45 GMT-0800 (Pacific Standard Time),endExperimentTime_NULL,NA,Wed Dec 22 2021 12:22:52 GMT-0800 (Pacific Standard Time),3,main,1640204572273,1,right,1000,1510,641.5,290.29375,646.3,288.59375,1048,314.4,300,109.4920318519229,black,bottom-right,10,60,155,played_response_NULL,difficulty_response_NULL,press_space_response_NULL,press_enter_response_NULL,dominant_hand_response_NULL,frequency_response_NULL,names_response_NULL,race_response_NULL,gender_response_NULL,education_response_NULL,income_response_NULL,country_response_NULL,age_response_NULL,165
WLL-bzbb6hjd9j4px0fsrsbeu,0,0,626,181,14,140,Wed Dec 22 2021 11:59:45 GMT-0800 (Pacific Standard Time),endExperimentTime_NULL,NA,Wed Dec 22 2021 12:22:58 GMT-0800 (Pacific Standard Time),3,main,1640204578567,2,right,1000,1508,641.5,604.7,646.3,95.09375,1693,507.9,300,88.27215749636177,black,top-right,10,70,165,played_response_NULL,difficulty_response_NULL,press_space_response_NULL,press_enter_response_NULL,dominant_hand_response_NULL,frequency_response_NULL,names_response_NULL,race_response_NULL,gender_response_NULL,education_response_NULL,income_response_NULL,country_response_NULL,age_response_NULL,166
WLL-bzbb6hjd9j4px0fsrsbeu,0,0,626,181,14,140,Wed Dec 22 2021 11:59:45 GMT-0800 (Pacific Standard Time),endExperimentTime_NULL,NA,Wed Dec 22 2021 12:23:04 GMT-0800 (Pacific Standard Time),3,main,1640204584861,3,right,1000,1527,641.5,117.496875,646.3,115.796875,1624,487.2,300,68.29009818242776,blue,top-right,20,90,185,played_response_NULL,difficulty_response_NULL,press_space_response_NULL,press_enter_response_NULL,dominant_hand_response_NULL,frequency_response_NULL,names_response_NULL,race_response_NULL,gender_response_NULL,education_response_NULL,income_response_NULL,country_response_NULL,age_response_NULL,167
WLL-bzbb6hjd9j4px0fsrsbeu,0,0,626,181,14,140,Wed Dec 22 2021 11:59:45 GMT-0800 (Pacific Standard Time),endExperimentTime_NULL,NA,Wed Dec 22 2021 12:23:10 GMT-0800 (Pacific Standard Time),3,main,1640204590491,4,right,1000,1498,615.609375,604.7,620.409375,246.296875,1189,356.7,300,65.53576865083869,blue,bottom-left,20,110,205,played_response_NULL,difficulty_response_NULL,press_space_response_NULL,press_enter_response_NULL,dominant_hand_response_NULL,frequency_response_NULL,names_response_NULL,race_response_NULL,gender_response_NULL,education_response_NULL,income_response_NULL,country_response_NULL,age_response_NULL,168
WLL-bzbb6hjd9j4px0fsrsbeu,0,0,626,181,14,140,Wed Dec 22 2021 11:59:45 GMT-0800 (Pacific Standard Time),endExperimentTime_NULL,Wed Dec 22 2021 12:23:14 GMT-0800 (Pacific Standard Time),Wed Dec 22 2021 12:23:17 GMT-0800 (Pacific Standard Time),4,main,3780,0,right,1000,1546,688.65625,604.7,693.45625,230.09375,1243,372.9,300,83.42986247816182,blue,bottom-right,20,20,225,played_response_NULL,difficulty_response_NULL,press_space_response_NULL,press_enter_response_NULL,dominant_hand_response_NULL,frequency_response_NULL,names_response_NULL,race_response_NULL,gender_response_NULL,education_response_NULL,income_response_NULL,country_response_NULL,age_response_NULL,169
WLL-bzbb6hjd9j4px0fsrsbeu,0,0,626,181,14,140,Wed Dec 22 2021 11:59:45 GMT-0800 (Pacific Standard Time),endExperimentTime_NULL,NA,Wed Dec 22 2021 12:23:24 GMT-0800 (Pacific Standard Time),4,main,1640204604076,1,right,1000,1479,565.625,604.7,570.425,164.09375,1463,438.9,300,58.089602460875085,blue,top-left,20,40,245,played_response_NULL,difficulty_response_NULL,press_space_response_NULL,press_enter_response_NULL,dominant_hand_response_NULL,frequency_response_NULL,names_response_NULL,race_response_NULL,gender_response_NULL,education_response_NULL,income_response_NULL,country_response_NULL,age_response_NULL,170
WLL-bzbb6hjd9j4px0fsrsbeu,0,0,626,181,14,140,Wed Dec 22 2021 11:59:45 GMT-0800 (Pacific Standard Time),endExperimentTime_NULL,NA,Wed Dec 22 2021 12:24:29 GMT-0800 (Pacific Standard Time),4,main,1640204669386,2,right,1000,62493,1126.5,604.7,1131.3,576,90,27,300,641.368139214913,missed,bottom-right,0,40,245,played_response_NULL,difficulty_response_NULL,press_space_response_NULL,press_enter_response_NULL,dominant_hand_response_NULL,frequency_response_NULL,names_response_NULL,race_response_NULL,gender_response_NULL,education_response_NULL,income_response_NULL,country_response_NULL,age_response_NULL,171
WLL-bzbb6hjd9j4px0fsrsbeu,0,0,626,181,14,140,Wed Dec 22 2021 11:59:45 GMT-0800 (Pacific Standard Time),endExperimentTime_NULL,NA,Wed Dec 22 2021 12:24:35 GMT-0800 (Pacific Standard Time),4,main,1640204675609,3,right,1000,1526,644.546875,604.7,649.346875,150.296875,1509,452.7,300,38.57147206202076,red,top-right,30,70,275,played_response_NULL,difficulty_response_NULL,press_space_response_NULL,press_enter_response_NULL,dominant_hand_response_NULL,frequency_response_NULL,names_response_NULL,race_response_NULL,gender_response_NULL,education_response_NULL,income_response_NULL,country_response_NULL,age_response_NULL,172
WLL-bzbb6hjd9j4px0fsrsbeu,0,0,626,181,14,140,Wed Dec 22 2021 11:59:45 GMT-0800 (Pacific Standard Time),endExperimentTime_NULL,NA,Wed Dec 22 2021 12:27:42 GMT-0800 (Pacific Standard Time),4,main,1640204862778,4,right,1000,38935,1126.5,343.090625,1131.3,341.390625,872,261.6,300,530.1445487674947,missed,bottom-right,0,70,275,played_response_NULL,difficulty_response_NULL,press_space_response_NULL,press_enter_response_NULL,dominant_hand_response_NULL,frequency_response_NULL,names_response_NULL,race_response_NULL,gender_response_NULL,education_response_NULL,income_response_NULL,country_response_NULL,age_response_NULL,173
WLL-bzbb6hjd9j4px0fsrsbeu,0,0,626,181,14,140,Wed Dec 22 2021 11:59:45 GMT-0800 (Pacific Standard Time),endExperimentTime_NULL,Wed Dec 22 2021 12:27:46 GMT-0800 (Pacific Standard Time),Wed Dec 22 2021 12:27:50 GMT-0800 (Pacific Standard Time),5,main,3775,0,left,1000,1546,599.78125,221.590625,604.58125,219.890625,1277,383.1,300,44.398688769524796,red,bottom-left,30,30,305,played_response_NULL,difficulty_response_NULL,press_space_response_NULL,press_enter_response_NULL,dominant_hand_response_NULL,frequency_response_NULL,names_response_NULL,race_response_NULL,gender_response_NULL,education_response_NULL,income_response_NULL,country_response_NULL,age_response_NULL,174
WLL-bzbb6hjd9j4px0fsrsbeu,0,0,626,181,14,140,Wed Dec 22 2021 11:59:45 GMT-0800 (Pacific Standard Time),endExperimentTime_NULL,NA,Wed Dec 22 2021 12:27:56 GMT-0800 (Pacific Standard Time),5,main,1640204876605,1,left,1000,1598,524.984375,604.7,529.784375,157.796875,1484,445.2,300,98.97389304208589,black,top-left,10,40,315,played_response_NULL,difficulty_response_NULL,press_space_response_NULL,press_enter_response_NULL,dominant_hand_response_NULL,frequency_response_NULL,names_response_NULL,race_response_NULL,gender_response_NULL,education_response_NULL,income_response_NULL,country_response_NULL,age_response_NULL,175
WLL-bzbb6hjd9j4px0fsrsbeu,0,0,626,181,14,140,Wed Dec 22 2021 11:59:45 GMT-0800 (Pacific Standard Time),endExperimentTime_NULL,NA,Wed Dec 22 2021 12:28:02 GMT-0800 (Pacific Standard Time),5,main,1640204882647,2,left,1000,1570,575.625,604.7,580.425,179.390625,1412,423.6,300,45.6034068123274,red,top-left,30,70,345,played_response_NULL,difficulty_response_NULL,press_space_response_NULL,press_enter_response_NULL,dominant_hand_response_NULL,frequency_response_NULL,names_response_NULL,race_response_NULL,gender_response_NULL,education_response_NULL,income_response_NULL,country_response_NULL,age_response_NULL,176
WLL-bzbb6hjd9j4px0fsrsbeu,0,0,626,181,14,140,Wed Dec 22 2021 11:59:45 GMT-0800 (Pacific Standard Time),endExperimentTime_NULL,NA,Wed Dec 22 2021 12:28:10 GMT-0800 (Pacific Standard Time),5,main,1640204890633,3,left,1000,3537,622.5625,604.7,627.3625,215.09375,1293,387.9,300,34.12096416153125,red,bottom-right,30,100,375,played_response_NULL,difficulty_response_NULL,press_space_response_NULL,press_enter_response_NULL,dominant_hand_response_NULL,frequency_response_NULL,names_response_NULL,race_response_NULL,gender_response_NULL,education_response_NULL,income_response_NULL,country_response_NULL,age_response_NULL,177
WLL-bzbb6hjd9j4px0fsrsbeu,0,0,626,181,14,140,Wed Dec 22 2021 11:59:45 GMT-0800 (Pacific Standard Time),endExperimentTime_NULL,NA,Wed Dec 22 2021 12:28:17 GMT-0800 (Pacific Standard Time),5,main,1640204897112,4,left,1000,1561,601.296875,604.7,606.096875,69.59375,1778,533.4,300,113.17016799416764,white,top-left,5,105,380,played_response_NULL,difficulty_response_NULL,press_space_response_NULL,press_enter_response_NULL,dominant_hand_response_NULL,frequency_response_NULL,names_response_NULL,race_response_NULL,gender_response_NULL,education_response_NULL,income_response_NULL,country_response_NULL,age_response_NULL,178
WLL-bzbb6hjd9j4px0fsrsbeu,0,0,626,181,14,140,Wed Dec 22 2021 11:59:45 GMT-0800 (Pacific Standard Time),endExperimentTime_NULL,Wed Dec 22 2021 12:32:38 GMT-0800 (Pacific Standard Time),Wed Dec 22 2021 12:32:41 GMT-0800 (Pacific Standard Time),6,main,3391,0,left,1000,1550,602.8125,604.7,607.6125,254.390625,1162,348.6,300,75.65899810426137,blue,bottom-left,20,20,400,played_response_NULL,difficulty_response_NULL,press_space_response_NULL,press_enter_response_NULL,dominant_hand_response_NULL,frequency_response_NULL,names_response_NULL,race_response_NULL,gender_response_NULL,education_response_NULL,income_response_NULL,country_response_NULL,age_response_NULL,179
WLL-bzbb6hjd9j4px0fsrsbeu,0,0,626,181,14,140,Wed Dec 22 2021 11:59:45 GMT-0800 (Pacific Standard Time),endExperimentTime_NULL,NA,Wed Dec 22 2021 12:32:47 GMT-0800 (Pacific Standard Time),6,main,1640205167449,1,left,1000,1569,574.109375,604.7,578.909375,207.59375,1318,395.4,300,54.080999454088584,red,bottom-left,30,50,430,played_response_NULL,difficulty_response_NULL,press_space_response_NULL,press_enter_response_NULL,dominant_hand_response_NULL,frequency_response_NULL,names_response_NULL,race_response_NULL,gender_response_NULL,education_response_NULL,income_response_NULL,country_response_NULL,age_response_NULL,180
WLL-bzbb6hjd9j4px0fsrsbeu,0,0,626,181,14,140,Wed Dec 22 2021 11:59:45 GMT-0800 (Pacific Standard Time),endExperimentTime_NULL,NA,Wed Dec 22 2021 12:32:53 GMT-0800 (Pacific Standard Time),6,main,1640205173633,2,left,1000,1552,599.78125,604.7,604.58125,120.296875,1609,482.7,300,64.37105122901231,blue,top-left,20,70,450,played_response_NULL,difficulty_response_NULL,press_space_response_NULL,press_enter_response_NULL,dominant_hand_response_NULL,frequency_response_NULL,names_response_NULL,race_response_NULL,gender_response_NULL,education_response_NULL,income_response_NULL,country_response_NULL,age_response_NULL,181
WLL-bzbb6hjd9j4px0fsrsbeu,0,0,626,181,14,140,Wed Dec 22 2021 11:59:45 GMT-0800 (Pacific Standard Time),endExperimentTime_NULL,NA,Wed Dec 22 2021 12:32:59 GMT-0800 (Pacific Standard Time),6,main,1640205179397,3,left,1000,1561,575.625,604.7,580.425,197.09375,1353,405.9,300,48.3331088805852,red,bottom-left,30,100,480,played_response_NULL,difficulty_response_NULL,press_space_response_NULL,press_enter_response_NULL,dominant_hand_response_NULL,frequency_response_NULL,names_response_NULL,race_response_NULL,gender_response_NULL,education_response_NULL,income_response_NULL,country_response_NULL,age_response_NULL,182
WLL-bzbb6hjd9j4px0fsrsbeu,0,0,626,181,14,140,Wed Dec 22 2021 11:59:45 GMT-0800 (Pacific Standard Time),endExperimentTime_NULL,NA,Wed Dec 22 2021 12:33:06 GMT-0800 (Pacific Standard Time),6,main,1640205186072,4,left,1000,1521,651.5,604.7,656.3,13.8125,1964,589.2,300,169.91100657770818,missed,top-right,0,100,480,played_response_NULL,difficulty_response_NULL,press_space_response_NULL,press_enter_response_NULL,dominant_hand_response_NULL,frequency_response_NULL,names_response_NULL,race_response_NULL,gender_response_NULL,education_response_NULL,income_response_NULL,country_response_NULL,age_response_NULL,183
WLL-bzbb6hjd9j4px0fsrsbeu,0,0,626,181,14,140,Wed Dec 22 2021 11:59:45 GMT-0800 (Pacific Standard Time),endExperimentTime_NULL,Wed Dec 22 2021 12:33:09 GMT-0800 (Pacific Standard Time),Wed Dec 22 2021 12:33:13 GMT-0800 (Pacific Standard Time),7,main,3739,0,right,1000,1539,667.375,604.7,672.175,186.890625,1387,416.1,300,46.54922220500167,red,bottom-right,30,30,510,played_response_NULL,difficulty_response_NULL,press_space_response_NULL,press_enter_response_NULL,dominant_hand_response_NULL,frequency_response_NULL,names_response_NULL,race_response_NULL,gender_response_NULL,education_response_NULL,income_response_NULL,country_response_NULL,age_response_NULL,184
WLL-bzbb6hjd9j4px0fsrsbeu,0,0,626,181,14,140,Wed Dec 22 2021 11:59:45 GMT-0800 (Pacific Standard Time),endExperimentTime_NULL,NA,Wed Dec 22 2021 12:33:18 GMT-0800 (Pacific Standard Time),7,main,1640205198388,1,right,1000,558,558.109375,604.7,562.909375,216.59375,1288,386.4,300,72.43853947970743,blue,bottom-left,20,50,530,played_response_NULL,difficulty_response_NULL,press_space_response_NULL,press_enter_response_NULL,dominant_hand_response_NULL,frequency_response_NULL,names_response_NULL,race_response_NULL,gender_response_NULL,education_response_NULL,income_response_NULL,country_response_NULL,age_response_NULL,185
WLL-bzbb6hjd9j4px0fsrsbeu,0,0,626,181,14,140,Wed Dec 22 2021 11:59:45 GMT-0800 (Pacific Standard Time),endExperimentTime_NULL,NA,Wed Dec 22 2021 12:37:06 GMT-0800 (Pacific Standard Time),7,main,1640205426045,2,right,1000,38777,1126.5,604.7,1131.3,417.890625,617,185.1,300,558.0728072688103,missed,bottom-right,0,50,530,played_response_NULL,difficulty_response_NULL,press_space_response_NULL,press_enter_response_NULL,dominant_hand_response_NULL,frequency_response_NULL,names_response_NULL,race_response_NULL,gender_response_NULL,education_response_NULL,income_response_NULL,country_response_NULL,age_response_NULL,186
WLL-bzbb6hjd9j4px0fsrsbeu,0,0,626,181,14,140,Wed Dec 22 2021 11:59:45 GMT-0800 (Pacific Standard Time),endExperimentTime_NULL,NA,Wed Dec 22 2021 12:37:12 GMT-0800 (Pacific Standard Time),7,main,1640205432092,3,right,1000,1516,641.5,604.7,646.3,133.796875,1564,469.2,300,51.38311989131862,red,top-right,30,80,560,played_response_NULL,difficulty_response_NULL,press_space_response_NULL,press_enter_response_NULL,dominant_hand_response_NULL,frequency_response_NULL,names_response_NULL,race_response_NULL,gender_response_NULL,education_response_NULL,income_response_NULL,country_response_NULL,age_response_NULL,187
WLL-bzbb6hjd9j4px0fsrsbeu,0,0,626,181,14,140,Wed Dec 22 2021 11:59:45 GMT-0800 (Pacific Standard Time),endExperimentTime_NULL,NA,Wed Dec 22 2021 12:37:18 GMT-0800 (Pacific Standard Time),7,main,1640205438035,4,right,1000,1510,641.5,604.7,646.3,168.59375,1448,434.4,300,23.790860410302486,red,top-right,30,110,590,played_response_NULL,difficulty_response_NULL,press_space_response_NULL,press_enter_response_NULL,dominant_hand_response_NULL,frequency_response_NULL,names_response_NULL,race_response_NULL,gender_response_NULL,education_response_NULL,income_response_NULL,country_response_NULL,age_response_NULL,188
WLL-bzbb6hjd9j4px0fsrsbeu,0,0,626,181,14,140,Wed Dec 22 2021 11:59:45 GMT-0800 (Pacific Standard Time),endExperimentTime_NULL,Wed Dec 22 2021 12:37:23 GMT-0800 (Pacific Standard Time),Wed Dec 22 2021 12:37:27 GMT-0800 (Pacific Standard Time),8,main,4043,0,left,1000,1507,651.5,604.7,656.3,165.59375,1458,437.4,300,33.99180105646797,red,top-right,30,30,620,played_response_NULL,difficulty_response_NULL,press_space_response_NULL,press_enter_response_NULL,dominant_hand_response_NULL,frequency_response_NULL,names_response_NULL,race_response_NULL,gender_response_NULL,education_response_NULL,income_response_NULL,country_response_NULL,age_response_NULL,189
WLL-bzbb6hjd9j4px0fsrsbeu,0,0,626,181,14,140,Wed Dec 22 2021 11:59:45 GMT-0800 (Pacific Standard Time),endExperimentTime_NULL,NA,Wed Dec 22 2021 12:37:33 GMT-0800 (Pacific Standard Time),8,main,1640205453282,1,left,1000,1570,575.625,604.7,580.425,135.296875,1559,467.7,300,64.5434447466637,blue,top-left,20,50,640,played_response_NULL,difficulty_response_NULL,press_space_response_NULL,press_enter_response_NULL,dominant_hand_response_NULL,frequency_response_NULL,names_response_NULL,race_response_NULL,gender_response_NULL,education_response_NULL,income_response_NULL,country_response_NULL,age_response_NULL,190
WLL-bzbb6hjd9j4px0fsrsbeu,0,0,626,181,14,140,Wed Dec 22 2021 11:59:45 GMT-0800 (Pacific Standard Time),endExperimentTime_NULL,NA,Wed Dec 22 2021 12:37:44 GMT-0800 (Pacific Standard Time),8,main,1640205464953,2,left,1000,7630,581.640625,604.7,586.440625,256.796875,1154,346.2,300,85.49918368122735,black,bottom-left,10,60,650,played_response_NULL,difficulty_response_NULL,press_space_response_NULL,press_enter_response_NULL,dominant_hand_response_NULL,frequency_response_NULL,names_response_NULL,race_response_NULL,gender_response_NULL,education_response_NULL,income_response_NULL,country_response_NULL,age_response_NULL,191
WLL-bzbb6hjd9j4px0fsrsbeu,0,0,626,181,14,140,Wed Dec 22 2021 11:59:45 GMT-0800 (Pacific Standard Time),endExperimentTime_NULL,NA,Wed Dec 22 2021 12:37:51 GMT-0800 (Pacific Standard Time),8,main,1640205471187,3,left,1000,1535,625.609375,604.7,630.409375,126.296875,1589,476.7,300,54.88054730645686,red,top-right,30,90,680,played_response_NULL,difficulty_response_NULL,press_space_response_NULL,press_enter_response_NULL,dominant_hand_response_NULL,frequency_response_NULL,names_response_NULL,race_response_NULL,gender_response_NULL,education_response_NULL,income_response_NULL,country_response_NULL,age_response_NULL,192
WLL-bzbb6hjd9j4px0fsrsbeu,0,0,626,181,14,140,Wed Dec 22 2021 11:59:45 GMT-0800 (Pacific Standard Time),endExperimentTime_NULL,NA,Wed Dec 22 2021 12:38:05 GMT-0800 (Pacific Standard Time),8,main,1640205485557,4,left,1000,10534,651.5,604.7,656.3,285.890625,1057,317.1,300,109.17936257778125,black,bottom-right,10,100,690,played_response_NULL,difficulty_response_NULL,press_space_response_NULL,press_enter_response_NULL,dominant_hand_response_NULL,frequency_response_NULL,names_response_NULL,race_response_NULL,gender_response_NULL,education_response_NULL,income_response_NULL,country_response_NULL,age_response_NULL,193
WLL-bzbb6hjd9j4px0fsrsbeu,0,0,626,181,14,140,Wed Dec 22 2021 11:59:45 GMT-0800 (Pacific Standard Time),endExperimentTime_NULL,Wed Dec 22 2021 12:38:09 GMT-0800 (Pacific Standard Time),Wed Dec 22 2021 12:38:09 GMT-0800 (Pacific Standard Time),9,main,793,0,left,1000,463,577.125,604.7,581.925,580.1875,76,22.8,300,401.6133286897361,missed,bottom-left,0,0,690,played_response_NULL,difficulty_response_NULL,press_space_response_NULL,press_enter_response_NULL,dominant_hand_response_NULL,frequency_response_NULL,names_response_NULL,race_response_NULL,gender_response_NULL,education_response_NULL,income_response_NULL,country_response_NULL,age_response_NULL,194
WLL-bzbb6hjd9j4px0fsrsbeu,0,0,626,181,14,140,Wed Dec 22 2021 11:59:45 GMT-0800 (Pacific Standard Time),endExperimentTime_NULL,NA,Wed Dec 22 2021 12:38:12 GMT-0800 (Pacific Standard Time),9,main,1640205492228,1,left,1000,80,179.890625,582.2,184.690625,580.5,75,22.5,300,595.2765865233494,missed,bottom-left,0,0,690,played_response_NULL,difficulty_response_NULL,press_space_response_NULL,press_enter_response_NULL,dominant_hand_response_NULL,frequency_response_NULL,names_response_NULL,race_response_NULL,gender_response_NULL,education_response_NULL,income_response_NULL,country_response_NULL,age_response_NULL,195
WLL-bzbb6hjd9j4px0fsrsbeu,0,0,626,181,14,140,Wed Dec 22 2021 11:59:45 GMT-0800 (Pacific Standard Time),endExperimentTime_NULL,NA,Wed Dec 22 2021 12:38:15 GMT-0800 (Pacific Standard Time),9,main,1640205495355,2,left,1000,144,209.46875,475.3875,214.26875,473.6875,431,129.3,300,505.16194916364446,missed,bottom-left,0,0,690,played_response_NULL,difficulty_response_NULL,press_space_response_NULL,press_enter_response_NULL,dominant_hand_response_NULL,frequency_response_NULL,names_response_NULL,race_response_NULL,gender_response_NULL,education_response_NULL,income_response_NULL,country_response_NULL,age_response_NULL,196
WLL-bzbb6hjd9j4px0fsrsbeu,0,0,626,181,14,140,Wed Dec 22 2021 11:59:45 GMT-0800 (Pacific Standard Time),endExperimentTime_NULL,NA,Wed Dec 22 2021 12:38:17 GMT-0800 (Pacific Standard Time),9,main,1640205497620,3,left,1000,-8,232.484375,604.7,237.284375,603,49,14.7,300,573.7454462731191,missed,bottom-left,0,0,690,played_response_NULL,difficulty_response_NULL,press_space_response_NULL,press_enter_response_NULL,dominant_hand_response_NULL,frequency_response_NULL,names_response_NULL,race_response_NULL,gender_response_NULL,education_response_NULL,income_response_NULL,country_response_NULL,age_response_NULL,197
WLL-bzbb6hjd9j4px0fsrsbeu,0,0,626,181,14,140,Wed Dec 22 2021 11:59:45 GMT-0800 (Pacific Standard Time),endExperimentTime_NULL,NA,Wed Dec 22 2021 12:38:20 GMT-0800 (Pacific Standard Time),9,main,1640205500172,4,left,1000,284,343.515625,582.2,348.315625,580.5,75,22.5,300,486.52734981616464,missed,bottom-left,0,0,690,played_response_NULL,difficulty_response_NULL,press_space_response_NULL,press_enter_response_NULL,dominant_hand_response_NULL,frequency_response_NULL,names_response_NULL,race_response_NULL,gender_response_NULL,education_response_NULL,income_response_NULL,country_response_NULL,age_response_NULL,198
WLL-bzbb6hjd9j4px0fsrsbeu,0,0,626,181,14,140,Wed Dec 22 2021 11:59:45 GMT-0800 (Pacific Standard Time),endExperimentTime_NULL,Wed Dec 22 2021 12:38:22 GMT-0800 (Pacific Standard Time),Wed Dec 22 2021 12:38:23 GMT-0800 (Pacific Standard Time),10,main,660,0,right,1000,422,772.40625,604.7,777.20625,586.5,55,16.5,300,432.774283014902,missed,bottom-right,0,0,690,played_response_NULL,difficulty_response_NULL,press_space_response_NULL,press_enter_response_NULL,dominant_hand_response_NULL,frequency_response_NULL,names_response_NULL,race_response_NULL,gender_response_NULL,education_response_NULL,income_response_NULL,country_response_NULL,age_response_NULL,199
WLL-bzbb6hjd9j4px0fsrsbeu,0,0,626,181,14,140,Wed Dec 22 2021 11:59:45 GMT-0800 (Pacific Standard Time),endExperimentTime_NULL,NA,Wed Dec 22 2021 12:38:26 GMT-0800 (Pacific Standard Time),10,main,1640205506700,1,right,1000,177,1057.390625,460.3875,1062.190625,458.6875,481,144.3,300,517.080853439905,missed,bottom-right,0,0,690,played_response_NULL,difficulty_response_NULL,press_space_response_NULL,press_enter_response_NULL,dominant_hand_response_NULL,frequency_response_NULL,names_response_NULL,race_response_NULL,gender_response_NULL,education_response_NULL,income_response_NULL,country_response_NULL,age_response_NULL,200
WLL-bzbb6hjd9j4px0fsrsbeu,0,0,626,181,14,140,Wed Dec 22 2021 11:59:45 GMT-0800 (Pacific Standard Time),endExperimentTime_NULL,NA,Wed Dec 22 2021 12:38:28 GMT-0800 (Pacific Standard Time),10,main,1640205508935,2,right,1000,-20,1071.53125,604.7,1088.940625,603,70,21,300,626.4168119354641,missed,bottom-right,0,0,690,played_response_NULL,difficulty_response_NULL,press_space_response_NULL,press_enter_response_NULL,dominant_hand_response_NULL,frequency_response_NULL,names_response_NULL,race_response_NULL,gender_response_NULL,education_response_NULL,income_response_NULL,country_response_NULL,age_response_NULL,201
WLL-bzbb6hjd9j4px0fsrsbeu,0,0,626,181,14,140,Wed Dec 22 2021 11:59:45 GMT-0800 (Pacific Standard Time),endExperimentTime_NULL,NA,Wed Dec 22 2021 12:38:31 GMT-0800 (Pacific Standard Time),10,main,1640205511029,3,right,1000,-56,1126.5,604.7,1131.14375,603,1640205511027,492061653308.1,300,658.2204859802393,missed,bottom-right,0,0,690,played_response_NULL,difficulty_response_NULL,press_space_response_NULL,press_enter_response_NULL,dominant_hand_response_NULL,frequency_response_NULL,names_response_NULL,race_response_NULL,gender_response_NULL,education_response_NULL,income_response_NULL,country_response_NULL,age_response_NULL,202
WLL-bzbb6hjd9j4px0fsrsbeu,0,0,626,181,14,140,Wed Dec 22 2021 11:59:45 GMT-0800 (Pacific Standard Time),endExperimentTime_NULL,NA,Wed Dec 22 2021 12:38:31 GMT-0800 (Pacific Standard Time),10,main,1640205511261,4,right,1000,-10,538.671875,604.7,1098.346875,603,60,18,300,633.4000081482993,missed,bottom-right,0,0,690,played_response_NULL,difficulty_response_NULL,press_space_response_NULL,press_enter_response_NULL,dominant_hand_response_NULL,frequency_response_NULL,names_response_NULL,race_response_NULL,gender_response_NULL,education_response_NULL,income_response_NULL,country_response_NULL,age_response_NULL,203
WLL-bzbb6hjd9j4px0fsrsbeu,2373,0,board_center_x_NULL,board_center_y_NULL,board_bullseye_radius_NULL,board_outerRing_radius_NULL,Wed Dec 22 2021 11:59:45 GMT-0800 (Pacific Standard Time),Wed Dec 22 2021 12:39:09 GMT-0800 (Pacific Standard Time),startTrialTime_NULL,endTrialTime_NULL,0,attention_checks,trial_duration_NULL,which_throw_NULL,arrow_startingDirection_NULL,H_animation_speed_time_NULL,arrow_H_moving_duration_NULL,arrow_H_stopping_x_NULL,arrow_H_stopping_y_NULL,arrow_V_stopping_x_NULL,arrow_V_stopping_y_NULL,strength_duration_NULL,up_distance_traveled_NULL,up_distance_unit_NULL,distance_from_radius_NULL,which_ring_NULL,which_quadrant_NULL,throw_score_NULL,trial_score_NULL,690,No,5,left,right,left,0,none,Asian,Male,High school or GED,"$50,000 through $74,999",United States,19,204
WLL-et3t1g4ay6ag5qt7ibqkt,49,0,626,181,14,140,Wed Dec 22 2021 13:58:44 GMT-0600 (Central Standard Time),endExperimentTime_NULL,Wed Dec 22 2021 14:01:05 GMT-0600 (Central Standard Time),Wed Dec 22 2021 14:01:12 GMT-0600 (Central Standard Time),1,main,6400,0,right,1000,2554,589.78125,604.7,594.58125,78.59375,1748,524.4,300,107.11758908146227,black,top-left,10,10,10,played_response_NULL,difficulty_response_NULL,press_space_response_NULL,press_enter_response_NULL,dominant_hand_response_NULL,frequency_response_NULL,names_response_NULL,race_response_NULL,gender_response_NULL,education_response_NULL,income_response_NULL,country_response_NULL,age_response_NULL,205
WLL-et3t1g4ay6ag5qt7ibqkt,49,0,626,181,14,140,Wed Dec 22 2021 13:58:44 GMT-0600 (Central Standard Time),endExperimentTime_NULL,NA,Wed Dec 22 2021 14:01:18 GMT-0600 (Central Standard Time),1,main,1640203278939,1,right,1000,2509,665.859375,555.7,670.659375,361.796875,804,241.2,300,186.23095818138358,missed,bottom-right,0,10,10,played_response_NULL,difficulty_response_NULL,press_space_response_NULL,press_enter_response_NULL,dominant_hand_response_NULL,frequency_response_NULL,names_response_NULL,race_response_NULL,gender_response_NULL,education_response_NULL,income_response_NULL,country_response_NULL,age_response_NULL,206
WLL-et3t1g4ay6ag5qt7ibqkt,49,0,626,181,14,140,Wed Dec 22 2021 13:58:44 GMT-0600 (Central Standard Time),endExperimentTime_NULL,NA,Wed Dec 22 2021 14:01:28 GMT-0600 (Central Standard Time),1,main,1640203288186,2,right,1000,2606,517.921875,555.7,522.721875,117,1620,486,300,121.500498367355,white,top-left,5,15,15,played_response_NULL,difficulty_response_NULL,press_space_response_NULL,press_enter_response_NULL,dominant_hand_response_NULL,frequency_response_NULL,names_response_NULL,race_response_NULL,gender_response_NULL,education_response_NULL,income_response_NULL,country_response_NULL,age_response_NULL,207
WLL-et3t1g4ay6ag5qt7ibqkt,49,0,626,181,14,140,Wed Dec 22 2021 13:58:44 GMT-0600 (Central Standard Time),endExperimentTime_NULL,NA,Wed Dec 22 2021 14:01:38 GMT-0600 (Central Standard Time),1,main,1640203298291,3,right,1000,4554,617.125,555.7,621.925,125.390625,1592,477.6,300,55.75848108485941,blue,top-left,20,35,35,played_response_NULL,difficulty_response_NULL,press_space_response_NULL,press_enter_response_NULL,dominant_hand_response_NULL,frequency_response_NULL,names_response_NULL,race_response_NULL,gender_response_NULL,education_response_NULL,income_response_NULL,country_response_NULL,age_response_NULL,208
WLL-et3t1g4ay6ag5qt7ibqkt,49,0,626,181,14,140,Wed Dec 22 2021 13:58:44 GMT-0600 (Central Standard Time),endExperimentTime_NULL,NA,Wed Dec 22 2021 14:01:45 GMT-0600 (Central Standard Time),1,main,1640203305926,4,right,1000,2625,517.921875,555.7,522.721875,177,1420,426,300,103.35555671329739,black,top-left,10,45,45,played_response_NULL,difficulty_response_NULL,press_space_response_NULL,press_enter_response_NULL,dominant_hand_response_NULL,frequency_response_NULL,names_response_NULL,race_response_NULL,gender_response_NULL,education_response_NULL,income_response_NULL,country_response_NULL,age_response_NULL,209
WLL-et3t1g4ay6ag5qt7ibqkt,49,0,626,181,14,140,Wed Dec 22 2021 13:58:44 GMT-0600 (Central Standard Time),endExperimentTime_NULL,Wed Dec 22 2021 14:01:49 GMT-0600 (Central Standard Time),Wed Dec 22 2021 14:01:57 GMT-0600 (Central Standard Time),2,main,7541,0,left,1000,3549,601.296875,604.7,606.096875,54.59375,1828,548.4,300,127.96356678300323,white,top-left,5,5,50,played_response_NULL,difficulty_response_NULL,press_space_response_NULL,press_enter_response_NULL,dominant_hand_response_NULL,frequency_response_NULL,names_response_NULL,race_response_NULL,gender_response_NULL,education_response_NULL,income_response_NULL,country_response_NULL,age_response_NULL,210
WLL-et3t1g4ay6ag5qt7ibqkt,49,0,626,181,14,140,Wed Dec 22 2021 13:58:44 GMT-0600 (Central Standard Time),endExperimentTime_NULL,NA,Wed Dec 22 2021 14:02:05 GMT-0600 (Central Standard Time),2,main,1640203325669,1,left,1000,3572,602.8125,555.7,607.6125,270.59375,1108,332.4,300,91.46114035650606,black,bottom-left,10,15,60,played_response_NULL,difficulty_response_NULL,press_space_response_NULL,press_enter_response_NULL,dominant_hand_response_NULL,frequency_response_NULL,names_response_NULL,race_response_NULL,gender_response_NULL,education_response_NULL,income_response_NULL,country_response_NULL,age_response_NULL,211
WLL-et3t1g4ay6ag5qt7ibqkt,49,0,626,181,14,140,Wed Dec 22 2021 13:58:44 GMT-0600 (Central Standard Time),endExperimentTime_NULL,NA,Wed Dec 22 2021 14:02:14 GMT-0600 (Central Standard Time),2,main,1640203334920,2,left,1000,3551,601.296875,555.7,606.096875,69.296875,1779,533.7,300,113.4624277879301,white,top-left,5,20,65,played_response_NULL,difficulty_response_NULL,press_space_response_NULL,press_enter_response_NULL,dominant_hand_response_NULL,frequency_response_NULL,names_response_NULL,race_response_NULL,gender_response_NULL,education_response_NULL,income_response_NULL,country_response_NULL,age_response_NULL,212
WLL-et3t1g4ay6ag5qt7ibqkt,49,0,626,181,14,140,Wed Dec 22 2021 13:58:44 GMT-0600 (Central Standard Time),endExperimentTime_NULL,NA,Wed Dec 22 2021 14:02:23 GMT-0600 (Central Standard Time),2,main,1640203343104,3,left,1000,3479,730.375,555.7,735.175,314.09375,963,288.9,300,172.1427515582997,missed,bottom-right,0,20,65,played_response_NULL,difficulty_response_NULL,press_space_response_NULL,press_enter_response_NULL,dominant_hand_response_NULL,frequency_response_NULL,names_response_NULL,race_response_NULL,gender_response_NULL,education_response_NULL,income_response_NULL,country_response_NULL,age_response_NULL,213
WLL-et3t1g4ay6ag5qt7ibqkt,49,0,626,181,14,140,Wed Dec 22 2021 13:58:44 GMT-0600 (Central Standard Time),endExperimentTime_NULL,NA,Wed Dec 22 2021 14:02:31 GMT-0600 (Central Standard Time),2,main,1640203351561,4,left,1000,3616,503.0625,555.7,507.8625,236.09375,1223,366.9,300,130.3525611382933,white,bottom-left,5,25,70,played_response_NULL,difficulty_response_NULL,press_space_response_NULL,press_enter_response_NULL,dominant_hand_response_NULL,frequency_response_NULL,names_response_NULL,race_response_NULL,gender_response_NULL,education_response_NULL,income_response_NULL,country_response_NULL,age_response_NULL,214
WLL-et3t1g4ay6ag5qt7ibqkt,49,0,626,181,14,140,Wed Dec 22 2021 13:58:44 GMT-0600 (Central Standard Time),endExperimentTime_NULL,Wed Dec 22 2021 14:02:34 GMT-0600 (Central Standard Time),Wed Dec 22 2021 14:02:42 GMT-0600 (Central Standard Time),3,main,7605,0,right,1000,4541,591.296875,604.7,596.096875,192.890625,1367,410.1,300,32.18048861742551,red,bottom-left,30,30,100,played_response_NULL,difficulty_response_NULL,press_space_response_NULL,press_enter_response_NULL,dominant_hand_response_NULL,frequency_response_NULL,names_response_NULL,race_response_NULL,gender_response_NULL,education_response_NULL,income_response_NULL,country_response_NULL,age_response_NULL,215
WLL-et3t1g4ay6ag5qt7ibqkt,49,0,626,181,14,140,Wed Dec 22 2021 13:58:44 GMT-0600 (Central Standard Time),endExperimentTime_NULL,NA,Wed Dec 22 2021 14:02:51 GMT-0600 (Central Standard Time),3,main,1640203371659,1,right,1000,4548,618.640625,555.7,623.440625,212.09375,1303,390.9,300,31.198905260491518,red,bottom-left,30,60,130,played_response_NULL,difficulty_response_NULL,press_space_response_NULL,press_enter_response_NULL,dominant_hand_response_NULL,frequency_response_NULL,names_response_NULL,race_response_NULL,gender_response_NULL,education_response_NULL,income_response_NULL,country_response_NULL,age_response_NULL,216
WLL-et3t1g4ay6ag5qt7ibqkt,49,0,626,181,14,140,Wed Dec 22 2021 13:58:44 GMT-0600 (Central Standard Time),endExperimentTime_NULL,NA,Wed Dec 22 2021 14:03:01 GMT-0600 (Central Standard Time),3,main,1640203381598,2,right,1000,4608,541.65625,555.7,546.45625,164.09375,1463,438.9,300,81.3205352486382,blue,top-left,20,80,150,played_response_NULL,difficulty_response_NULL,press_space_response_NULL,press_enter_response_NULL,dominant_hand_response_NULL,frequency_response_NULL,names_response_NULL,race_response_NULL,gender_response_NULL,education_response_NULL,income_response_NULL,country_response_NULL,age_response_NULL,217
WLL-et3t1g4ay6ag5qt7ibqkt,49,0,626,181,14,140,Wed Dec 22 2021 13:58:44 GMT-0600 (Central Standard Time),endExperimentTime_NULL,NA,Wed Dec 22 2021 14:03:11 GMT-0600 (Central Standard Time),3,main,1640203391285,3,right,1000,4540,644.546875,555.7,649.346875,142.1875,1536,460.8,300,45.293340884898555,red,top-right,30,110,180,played_response_NULL,difficulty_response_NULL,press_space_response_NULL,press_enter_response_NULL,dominant_hand_response_NULL,frequency_response_NULL,names_response_NULL,race_response_NULL,gender_response_NULL,education_response_NULL,income_response_NULL,country_response_NULL,age_response_NULL,218
WLL-et3t1g4ay6ag5qt7ibqkt,49,0,626,181,14,140,Wed Dec 22 2021 13:58:44 GMT-0600 (Central Standard Time),endExperimentTime_NULL,NA,Wed Dec 22 2021 14:03:20 GMT-0600 (Central Standard Time),3,main,1640203400684,4,right,1000,4606,538.671875,555.7,543.471875,310.5,975,292.5,300,153.56152322771365,missed,bottom-left,0,110,180,played_response_NULL,difficulty_response_NULL,press_space_response_NULL,press_enter_response_NULL,dominant_hand_response_NULL,frequency_response_NULL,names_response_NULL,race_response_NULL,gender_response_NULL,education_response_NULL,income_response_NULL,country_response_NULL,age_response_NULL,219
WLL-et3t1g4ay6ag5qt7ibqkt,49,0,626,181,14,140,Wed Dec 22 2021 13:58:44 GMT-0600 (Central Standard Time),endExperimentTime_NULL,Wed Dec 22 2021 14:03:24 GMT-0600 (Central Standard Time),Wed Dec 22 2021 14:03:32 GMT-0600 (Central Standard Time),4,main,7313,0,right,1000,4630,516.453125,604.7,521.253125,213.296875,1299,389.7,300,109.61293699664863,black,bottom-left,10,10,190,played_response_NULL,difficulty_response_NULL,press_space_response_NULL,press_enter_response_NULL,dominant_hand_response_NULL,frequency_response_NULL,names_response_NULL,race_response_NULL,gender_response_NULL,education_response_NULL,income_response_NULL,country_response_NULL,age_response_NULL,220
WLL-et3t1g4ay6ag5qt7ibqkt,49,0,626,181,14,140,Wed Dec 22 2021 13:58:44 GMT-0600 (Central Standard Time),endExperimentTime_NULL,NA,Wed Dec 22 2021 14:03:39 GMT-0600 (Central Standard Time),4,main,1640203419515,1,right,1000,2527,643.015625,555.7,647.815625,205.5,1325,397.5,300,32.80505287513835,red,bottom-right,30,40,220,played_response_NULL,difficulty_response_NULL,press_space_response_NULL,press_enter_response_NULL,dominant_hand_response_NULL,frequency_response_NULL,names_response_NULL,race_response_NULL,gender_response_NULL,education_response_NULL,income_response_NULL,country_response_NULL,age_response_NULL,221
WLL-et3t1g4ay6ag5qt7ibqkt,49,0,626,181,14,140,Wed Dec 22 2021 13:58:44 GMT-0600 (Central Standard Time),endExperimentTime_NULL,NA,Wed Dec 22 2021 14:03:49 GMT-0600 (Central Standard Time),4,main,1640203429067,2,right,1000,4524,668.90625,555.7,673.70625,192.890625,1367,410.1,300,49.16577317558548,red,bottom-right,30,70,250,played_response_NULL,difficulty_response_NULL,press_space_response_NULL,press_enter_response_NULL,dominant_hand_response_NULL,frequency_response_NULL,names_response_NULL,race_response_NULL,gender_response_NULL,education_response_NULL,income_response_NULL,country_response_NULL,age_response_NULL,222
WLL-et3t1g4ay6ag5qt7ibqkt,49,0,626,181,14,140,Wed Dec 22 2021 13:58:44 GMT-0600 (Central Standard Time),endExperimentTime_NULL,NA,Wed Dec 22 2021 14:03:58 GMT-0600 (Central Standard Time),4,main,1640203438451,3,right,1000,4613,514.984375,555.7,519.784375,194.09375,1363,408.9,300,107.01964905195277,black,bottom-left,10,80,260,played_response_NULL,difficulty_response_NULL,press_space_response_NULL,press_enter_response_NULL,dominant_hand_response_NULL,frequency_response_NULL,names_response_NULL,race_response_NULL,gender_response_NULL,education_response_NULL,income_response_NULL,country_response_NULL,age_response_NULL,223
WLL-et3t1g4ay6ag5qt7ibqkt,49,0,626,181,14,140,Wed Dec 22 2021 13:58:44 GMT-0600 (Central Standard Time),endExperimentTime_NULL,NA,Wed Dec 22 2021 14:04:07 GMT-0600 (Central Standard Time),4,main,1640203447619,4,right,1000,4594,516.453125,555.7,521.253125,234.890625,1227,368.1,300,117.79688996385372,white,bottom-left,5,85,265,played_response_NULL,difficulty_response_NULL,press_space_response_NULL,press_enter_response_NULL,dominant_hand_response_NULL,frequency_response_NULL,names_response_NULL,race_response_NULL,gender_response_NULL,education_response_NULL,income_response_NULL,country_response_NULL,age_response_NULL,224
WLL-et3t1g4ay6ag5qt7ibqkt,49,0,626,181,14,140,Wed Dec 22 2021 13:58:44 GMT-0600 (Central Standard Time),endExperimentTime_NULL,Wed Dec 22 2021 14:04:12 GMT-0600 (Central Standard Time),Wed Dec 22 2021 14:04:18 GMT-0600 (Central Standard Time),5,main,6351,0,left,1000,-1563,625.609375,604.7,630.409375,219.296875,1279,383.7,300,38.54987967109949,red,bottom-right,30,30,295,played_response_NULL,difficulty_response_NULL,press_space_response_NULL,press_enter_response_NULL,dominant_hand_response_NULL,frequency_response_NULL,names_response_NULL,race_response_NULL,gender_response_NULL,education_response_NULL,income_response_NULL,country_response_NULL,age_response_NULL,225
WLL-et3t1g4ay6ag5qt7ibqkt,49,0,626,181,14,140,Wed Dec 22 2021 13:58:44 GMT-0600 (Central Standard Time),endExperimentTime_NULL,NA,Wed Dec 22 2021 14:04:26 GMT-0600 (Central Standard Time),5,main,1640203466969,1,left,1000,3505,703.203125,555.7,708.003125,226.1875,1256,376.8,300,93.62917636087384,black,bottom-right,10,40,305,played_response_NULL,difficulty_response_NULL,press_space_response_NULL,press_enter_response_NULL,dominant_hand_response_NULL,frequency_response_NULL,names_response_NULL,race_response_NULL,gender_response_NULL,education_response_NULL,income_response_NULL,country_response_NULL,age_response_NULL,226
WLL-et3t1g4ay6ag5qt7ibqkt,49,0,626,181,14,140,Wed Dec 22 2021 13:58:44 GMT-0600 (Central Standard Time),endExperimentTime_NULL,NA,Wed Dec 22 2021 14:04:35 GMT-0600 (Central Standard Time),5,main,1640203475452,2,left,1000,3613,526.453125,555.7,531.253125,252.59375,1168,350.4,300,118.75451722493816,white,bottom-left,5,45,310,played_response_NULL,difficulty_response_NULL,press_space_response_NULL,press_enter_response_NULL,dominant_hand_response_NULL,frequency_response_NULL,names_response_NULL,race_response_NULL,gender_response_NULL,education_response_NULL,income_response_NULL,country_response_NULL,age_response_NULL,227
WLL-et3t1g4ay6ag5qt7ibqkt,49,0,626,181,14,140,Wed Dec 22 2021 13:58:44 GMT-0600 (Central Standard Time),endExperimentTime_NULL,NA,Wed Dec 22 2021 14:04:43 GMT-0600 (Central Standard Time),5,main,1640203483916,3,left,1000,3580,601.296875,555.7,606.096875,167.6875,1451,435.3,300,23.94487504698295,red,top-left,30,75,340,played_response_NULL,difficulty_response_NULL,press_space_response_NULL,press_enter_response_NULL,dominant_hand_response_NULL,frequency_response_NULL,names_response_NULL,race_response_NULL,gender_response_NULL,education_response_NULL,income_response_NULL,country_response_NULL,age_response_NULL,228
WLL-et3t1g4ay6ag5qt7ibqkt,49,0,626,181,14,140,Wed Dec 22 2021 13:58:44 GMT-0600 (Central Standard Time),endExperimentTime_NULL,NA,Wed Dec 22 2021 14:04:52 GMT-0600 (Central Standard Time),5,main,1640203492362,4,left,1000,3516,677.375,555.7,682.175,175.796875,1424,427.2,300,56.415451205902976,blue,top-right,20,95,360,played_response_NULL,difficulty_response_NULL,press_space_response_NULL,press_enter_response_NULL,dominant_hand_response_NULL,frequency_response_NULL,names_response_NULL,race_response_NULL,gender_response_NULL,education_response_NULL,income_response_NULL,country_response_NULL,age_response_NULL,229
WLL-et3t1g4ay6ag5qt7ibqkt,49,0,626,181,14,140,Wed Dec 22 2021 13:58:44 GMT-0600 (Central Standard Time),endExperimentTime_NULL,Wed Dec 22 2021 14:04:55 GMT-0600 (Central Standard Time),Wed Dec 22 2021 14:05:02 GMT-0600 (Central Standard Time),6,main,6579,0,left,1000,3587,524.984375,604.7,529.784375,183.296875,1399,419.7,300,96.2430367814018,black,bottom-left,10,10,370,played_response_NULL,difficulty_response_NULL,press_space_response_NULL,press_enter_response_NULL,dominant_hand_response_NULL,frequency_response_NULL,names_response_NULL,race_response_NULL,gender_response_NULL,education_response_NULL,income_response_NULL,country_response_NULL,age_response_NULL,230
WLL-et3t1g4ay6ag5qt7ibqkt,49,0,626,181,14,140,Wed Dec 22 2021 13:58:44 GMT-0600 (Central Standard Time),endExperimentTime_NULL,NA,Wed Dec 22 2021 14:05:10 GMT-0600 (Central Standard Time),6,main,1640203510646,1,left,1000,3455,727.359375,555.7,732.159375,203.6875,1331,399.3,300,108.55660070507281,black,bottom-right,10,20,380,played_response_NULL,difficulty_response_NULL,press_space_response_NULL,press_enter_response_NULL,dominant_hand_response_NULL,frequency_response_NULL,names_response_NULL,race_response_NULL,gender_response_NULL,education_response_NULL,income_response_NULL,country_response_NULL,age_response_NULL,231
WLL-et3t1g4ay6ag5qt7ibqkt,49,0,626,181,14,140,Wed Dec 22 2021 13:58:44 GMT-0600 (Central Standard Time),endExperimentTime_NULL,NA,Wed Dec 22 2021 14:05:19 GMT-0600 (Central Standard Time),6,main,1640203519388,2,left,1000,3643,477.203125,555.7,482.003125,136.1875,1556,466.8,300,150.80868730287264,missed,top-left,0,20,380,played_response_NULL,difficulty_response_NULL,press_space_response_NULL,press_enter_response_NULL,dominant_hand_response_NULL,frequency_response_NULL,names_response_NULL,race_response_NULL,gender_response_NULL,education_response_NULL,income_response_NULL,country_response_NULL,age_response_NULL,232
WLL-et3t1g4ay6ag5qt7ibqkt,49,0,626,181,14,140,Wed Dec 22 2021 13:58:44 GMT-0600 (Central Standard Time),endExperimentTime_NULL,NA,Wed Dec 22 2021 14:05:29 GMT-0600 (Central Standard Time),6,main,1640203529645,3,left,1000,5516,677.375,555.7,682.175,207,1320,396,300,61.90016659912956,blue,bottom-right,20,40,400,played_response_NULL,difficulty_response_NULL,press_space_response_NULL,press_enter_response_NULL,dominant_hand_response_NULL,frequency_response_NULL,names_response_NULL,race_response_NULL,gender_response_NULL,education_response_NULL,income_response_NULL,country_response_NULL,age_response_NULL,233
WLL-et3t1g4ay6ag5qt7ibqkt,49,0,626,181,14,140,Wed Dec 22 2021 13:58:44 GMT-0600 (Central Standard Time),endExperimentTime_NULL,NA,Wed Dec 22 2021 14:05:37 GMT-0600 (Central Standard Time),6,main,1640203537632,4,left,1000,3529,651.5,555.7,656.3,286.1875,1056,316.8,300,109.464606865644,black,bottom-right,10,50,410,played_response_NULL,difficulty_response_NULL,press_space_response_NULL,press_enter_response_NULL,dominant_hand_response_NULL,frequency_response_NULL,names_response_NULL,race_response_NULL,gender_response_NULL,education_response_NULL,income_response_NULL,country_response_NULL,age_response_NULL,234
WLL-et3t1g4ay6ag5qt7ibqkt,49,0,626,181,14,140,Wed Dec 22 2021 13:58:44 GMT-0600 (Central Standard Time),endExperimentTime_NULL,Wed Dec 22 2021 14:05:41 GMT-0600 (Central Standard Time),Wed Dec 22 2021 14:05:48 GMT-0600 (Central Standard Time),7,main,6925,0,left,1000,3591,548.671875,604.7,553.471875,184.5,1395,418.5,300,72.61252588924057,blue,bottom-left,20,20,430,played_response_NULL,difficulty_response_NULL,press_space_response_NULL,press_enter_response_NULL,dominant_hand_response_NULL,frequency_response_NULL,names_response_NULL,race_response_NULL,gender_response_NULL,education_response_NULL,income_response_NULL,country_response_NULL,age_response_NULL,235
WLL-et3t1g4ay6ag5qt7ibqkt,49,0,626,181,14,140,Wed Dec 22 2021 13:58:44 GMT-0600 (Central Standard Time),endExperimentTime_NULL,NA,Wed Dec 22 2021 14:05:58 GMT-0600 (Central Standard Time),7,main,1640203558923,1,left,1000,5527,625.609375,555.7,630.409375,176.09375,1423,426.9,300,6.596504904350833,bullseye,top-right,50,70,480,played_response_NULL,difficulty_response_NULL,press_space_response_NULL,press_enter_response_NULL,dominant_hand_response_NULL,frequency_response_NULL,names_response_NULL,race_response_NULL,gender_response_NULL,education_response_NULL,income_response_NULL,country_response_NULL,age_response_NULL,236
WLL-et3t1g4ay6ag5qt7ibqkt,49,0,626,181,14,140,Wed Dec 22 2021 13:58:44 GMT-0600 (Central Standard Time),endExperimentTime_NULL,NA,Wed Dec 22 2021 14:06:09 GMT-0600 (Central Standard Time),7,main,1640203569336,2,left,1000,5589,551.65625,555.7,556.45625,201.296875,1339,401.7,300,72.44512612196993,blue,bottom-left,20,90,500,played_response_NULL,difficulty_response_NULL,press_space_response_NULL,press_enter_response_NULL,dominant_hand_response_NULL,frequency_response_NULL,names_response_NULL,race_response_NULL,gender_response_NULL,education_response_NULL,income_response_NULL,country_response_NULL,age_response_NULL,237
WLL-et3t1g4ay6ag5qt7ibqkt,49,0,626,181,14,140,Wed Dec 22 2021 13:58:44 GMT-0600 (Central Standard Time),endExperimentTime_NULL,NA,Wed Dec 22 2021 14:06:19 GMT-0600 (Central Standard Time),7,main,1640203579473,3,left,1000,5559,602.8125,555.7,607.6125,240.296875,1209,362.7,300,62.08236094911039,blue,bottom-left,20,110,520,played_response_NULL,difficulty_response_NULL,press_space_response_NULL,press_enter_response_NULL,dominant_hand_response_NULL,frequency_response_NULL,names_response_NULL,race_response_NULL,gender_response_NULL,education_response_NULL,income_response_NULL,country_response_NULL,age_response_NULL,238
WLL-et3t1g4ay6ag5qt7ibqkt,49,0,626,181,14,140,Wed Dec 22 2021 13:58:44 GMT-0600 (Central Standard Time),endExperimentTime_NULL,NA,Wed Dec 22 2021 14:06:26 GMT-0600 (Central Standard Time),7,main,1640203586461,4,left,1000,3438,799.921875,555.7,804.721875,490.1875,376,112.8,300,357.1252143993275,missed,bottom-right,0,110,520,played_response_NULL,difficulty_response_NULL,press_space_response_NULL,press_enter_response_NULL,dominant_hand_response_NULL,frequency_response_NULL,names_response_NULL,race_response_NULL,gender_response_NULL,education_response_NULL,income_response_NULL,country_response_NULL,age_response_NULL,239
WLL-et3t1g4ay6ag5qt7ibqkt,49,0,626,181,14,140,Wed Dec 22 2021 13:58:44 GMT-0600 (Central Standard Time),endExperimentTime_NULL,Wed Dec 22 2021 14:06:30 GMT-0600 (Central Standard Time),Wed Dec 22 2021 14:06:35 GMT-0600 (Central Standard Time),8,main,5900,0,left,1000,3596,577.125,604.7,581.925,293.6875,1031,309.3,300,121.0003234758073,white,bottom-left,5,5,525,played_response_NULL,difficulty_response_NULL,press_space_response_NULL,press_enter_response_NULL,dominant_hand_response_NULL,frequency_response_NULL,names_response_NULL,race_response_NULL,gender_response_NULL,education_response_NULL,income_response_NULL,country_response_NULL,age_response_NULL,240
WLL-et3t1g4ay6ag5qt7ibqkt,49,0,626,181,14,140,Wed Dec 22 2021 13:58:44 GMT-0600 (Central Standard Time),endExperimentTime_NULL,NA,Wed Dec 22 2021 14:06:44 GMT-0600 (Central Standard Time),8,main,1640203604238,1,left,1000,3551,651.5,555.7,656.3,237.296875,1219,365.7,300,63.93299722964365,blue,bottom-right,20,25,545,played_response_NULL,difficulty_response_NULL,press_space_response_NULL,press_enter_response_NULL,dominant_hand_response_NULL,frequency_response_NULL,names_response_NULL,race_response_NULL,gender_response_NULL,education_response_NULL,income_response_NULL,country_response_NULL,age_response_NULL,241
WLL-et3t1g4ay6ag5qt7ibqkt,49,0,626,181,14,140,Wed Dec 22 2021 13:58:44 GMT-0600 (Central Standard Time),endExperimentTime_NULL,NA,Wed Dec 22 2021 14:06:54 GMT-0600 (Central Standard Time),8,main,1640203614742,2,left,1000,5622,551.65625,555.7,556.45625,171.296875,1439,431.7,300,70.21740381720284,blue,top-left,20,45,565,played_response_NULL,difficulty_response_NULL,press_space_response_NULL,press_enter_response_NULL,dominant_hand_response_NULL,frequency_response_NULL,names_response_NULL,race_response_NULL,gender_response_NULL,education_response_NULL,income_response_NULL,country_response_NULL,age_response_NULL,242
WLL-et3t1g4ay6ag5qt7ibqkt,49,0,626,181,14,140,Wed Dec 22 2021 13:58:44 GMT-0600 (Central Standard Time),endExperimentTime_NULL,NA,Wed Dec 22 2021 14:07:03 GMT-0600 (Central Standard Time),8,main,1640203623288,3,left,1000,3543,602.8125,555.7,607.6125,135.296875,1559,467.7,300,49.26333109946613,red,top-left,30,75,595,played_response_NULL,difficulty_response_NULL,press_space_response_NULL,press_enter_response_NULL,dominant_hand_response_NULL,frequency_response_NULL,names_response_NULL,race_response_NULL,gender_response_NULL,education_response_NULL,income_response_NULL,country_response_NULL,age_response_NULL,243
WLL-et3t1g4ay6ag5qt7ibqkt,49,0,626,181,14,140,Wed Dec 22 2021 13:58:44 GMT-0600 (Central Standard Time),endExperimentTime_NULL,NA,Wed Dec 22 2021 14:07:11 GMT-0600 (Central Standard Time),8,main,1640203631335,4,left,1000,3534,625.609375,555.7,630.409375,237.296875,1219,365.7,300,56.46929008457827,blue,bottom-right,20,95,615,played_response_NULL,difficulty_response_NULL,press_space_response_NULL,press_enter_response_NULL,dominant_hand_response_NULL,frequency_response_NULL,names_response_NULL,race_response_NULL,gender_response_NULL,education_response_NULL,income_response_NULL,country_response_NULL,age_response_NULL,244
WLL-et3t1g4ay6ag5qt7ibqkt,49,0,626,181,14,140,Wed Dec 22 2021 13:58:44 GMT-0600 (Central Standard Time),endExperimentTime_NULL,Wed Dec 22 2021 14:07:14 GMT-0600 (Central Standard Time),Wed Dec 22 2021 14:07:19 GMT-0600 (Central Standard Time),9,main,5153,0,right,1000,2537,617.125,604.7,621.925,238.1875,1216,364.8,300,57.33250196223779,blue,bottom-left,20,20,635,played_response_NULL,difficulty_response_NULL,press_space_response_NULL,press_enter_response_NULL,dominant_hand_response_NULL,frequency_response_NULL,names_response_NULL,race_response_NULL,gender_response_NULL,education_response_NULL,income_response_NULL,country_response_NULL,age_response_NULL,245
WLL-et3t1g4ay6ag5qt7ibqkt,49,0,626,181,14,140,Wed Dec 22 2021 13:58:44 GMT-0600 (Central Standard Time),endExperimentTime_NULL,NA,Wed Dec 22 2021 14:07:27 GMT-0600 (Central Standard Time),9,main,1640203647431,1,right,1000,2516,639.96875,555.7,644.76875,148.5,1515,454.5,300,37.530200859607696,red,top-right,30,50,665,played_response_NULL,difficulty_response_NULL,press_space_response_NULL,press_enter_response_NULL,dominant_hand_response_NULL,frequency_response_NULL,names_response_NULL,race_response_NULL,gender_response_NULL,education_response_NULL,income_response_NULL,country_response_NULL,age_response_NULL,246
WLL-et3t1g4ay6ag5qt7ibqkt,49,0,626,181,14,140,Wed Dec 22 2021 13:58:44 GMT-0600 (Central Standard Time),endExperimentTime_NULL,NA,Wed Dec 22 2021 14:07:34 GMT-0600 (Central Standard Time),9,main,1640203654910,2,right,1000,2536,615.609375,555.7,620.409375,243,1200,360,300,62.251546871468385,blue,bottom-left,20,70,685,played_response_NULL,difficulty_response_NULL,press_space_response_NULL,press_enter_response_NULL,dominant_hand_response_NULL,frequency_response_NULL,names_response_NULL,race_response_NULL,gender_response_NULL,education_response_NULL,income_response_NULL,country_response_NULL,age_response_NULL,247
WLL-et3t1g4ay6ag5qt7ibqkt,49,0,626,181,14,140,Wed Dec 22 2021 13:58:44 GMT-0600 (Central Standard Time),endExperimentTime_NULL,NA,Wed Dec 22 2021 14:07:42 GMT-0600 (Central Standard Time),9,main,1640203662373,3,right,1000,2563,565.625,555.7,570.425,183.296875,1399,419.7,300,55.62244384927392,blue,bottom-left,20,90,705,played_response_NULL,difficulty_response_NULL,press_space_response_NULL,press_enter_response_NULL,dominant_hand_response_NULL,frequency_response_NULL,names_response_NULL,race_response_NULL,gender_response_NULL,education_response_NULL,income_response_NULL,country_response_NULL,age_response_NULL,248
WLL-et3t1g4ay6ag5qt7ibqkt,49,0,626,181,14,140,Wed Dec 22 2021 13:58:44 GMT-0600 (Central Standard Time),endExperimentTime_NULL,NA,Wed Dec 22 2021 14:07:52 GMT-0600 (Central Standard Time),9,main,1640203672262,4,right,1000,4518,667.375,555.7,672.175,50.09375,1843,552.9,300,138.8112996627526,white,top-right,5,95,710,played_response_NULL,difficulty_response_NULL,press_space_response_NULL,press_enter_response_NULL,dominant_hand_response_NULL,frequency_response_NULL,names_response_NULL,race_response_NULL,gender_response_NULL,education_response_NULL,income_response_NULL,country_response_NULL,age_response_NULL,249
WLL-et3t1g4ay6ag5qt7ibqkt,49,0,626,181,14,140,Wed Dec 22 2021 13:58:44 GMT-0600 (Central Standard Time),endExperimentTime_NULL,Wed Dec 22 2021 14:07:56 GMT-0600 (Central Standard Time),Wed Dec 22 2021 14:08:03 GMT-0600 (Central Standard Time),10,main,7397,0,right,1000,4503,668.90625,604.7,673.70625,144.59375,1528,458.4,300,60.0108434212101,blue,top-right,20,20,730,played_response_NULL,difficulty_response_NULL,press_space_response_NULL,press_enter_response_NULL,dominant_hand_response_NULL,frequency_response_NULL,names_response_NULL,race_response_NULL,gender_response_NULL,education_response_NULL,income_response_NULL,country_response_NULL,age_response_NULL,250
WLL-et3t1g4ay6ag5qt7ibqkt,49,0,626,181,14,140,Wed Dec 22 2021 13:58:44 GMT-0600 (Central Standard Time),endExperimentTime_NULL,NA,Wed Dec 22 2021 14:08:10 GMT-0600 (Central Standard Time),10,main,1640203690338,1,right,1000,2608,491.625,555.7,496.425,307.796875,984,295.2,300,181.2929345969269,missed,bottom-left,0,20,730,played_response_NULL,difficulty_response_NULL,press_space_response_NULL,press_enter_response_NULL,dominant_hand_response_NULL,frequency_response_NULL,names_response_NULL,race_response_NULL,gender_response_NULL,education_response_NULL,income_response_NULL,country_response_NULL,age_response_NULL,251
WLL-et3t1g4ay6ag5qt7ibqkt,49,0,626,181,14,140,Wed Dec 22 2021 13:58:44 GMT-0600 (Central Standard Time),endExperimentTime_NULL,NA,Wed Dec 22 2021 14:08:17 GMT-0600 (Central Standard Time),10,main,1640203697483,2,right,1000,2487,690.171875,555.7,694.971875,222.890625,1267,380.1,300,80.6966170536674,blue,bottom-right,20,40,750,played_response_NULL,difficulty_response_NULL,press_space_response_NULL,press_enter_response_NULL,dominant_hand_response_NULL,frequency_response_NULL,names_response_NULL,race_response_NULL,gender_response_NULL,education_response_NULL,income_response_NULL,country_response_NULL,age_response_NULL,252
WLL-et3t1g4ay6ag5qt7ibqkt,49,0,626,181,14,140,Wed Dec 22 2021 13:58:44 GMT-0600 (Central Standard Time),endExperimentTime_NULL,NA,Wed Dec 22 2021 14:08:24 GMT-0600 (Central Standard Time),10,main,1640203704424,3,right,1000,2530,641.5,555.7,646.3,244.5,1195,358.5,300,66.66588332873118,blue,bottom-right,20,60,770,played_response_NULL,difficulty_response_NULL,press_space_response_NULL,press_enter_response_NULL,dominant_hand_response_NULL,frequency_response_NULL,names_response_NULL,race_response_NULL,gender_response_NULL,education_response_NULL,income_response_NULL,country_response_NULL,age_response_NULL,253
WLL-et3t1g4ay6ag5qt7ibqkt,49,0,626,181,14,140,Wed Dec 22 2021 13:58:44 GMT-0600 (Central Standard Time),endExperimentTime_NULL,NA,Wed Dec 22 2021 14:08:31 GMT-0600 (Central Standard Time),10,main,1640203711447,4,right,1000,2557,591.296875,555.7,596.096875,246.59375,1188,356.4,300,72.08839659631866,blue,bottom-left,20,80,790,played_response_NULL,difficulty_response_NULL,press_space_response_NULL,press_enter_response_NULL,dominant_hand_response_NULL,frequency_response_NULL,names_response_NULL,race_response_NULL,gender_response_NULL,education_response_NULL,income_response_NULL,country_response_NULL,age_response_NULL,254
WLL-et3t1g4ay6ag5qt7ibqkt,2742,0,board_center_x_NULL,board_center_y_NULL,board_bullseye_radius_NULL,board_outerRing_radius_NULL,Wed Dec 22 2021 13:58:44 GMT-0600 (Central Standard Time),Wed Dec 22 2021 14:09:34 GMT-0600 (Central Standard Time),startTrialTime_NULL,endTrialTime_NULL,0,attention_checks,trial_duration_NULL,which_throw_NULL,arrow_startingDirection_NULL,H_animation_speed_time_NULL,arrow_H_moving_duration_NULL,arrow_H_stopping_x_NULL,arrow_H_stopping_y_NULL,arrow_V_stopping_x_NULL,arrow_V_stopping_y_NULL,strength_duration_NULL,up_distance_traveled_NULL,up_distance_unit_NULL,distance_from_radius_NULL,which_ring_NULL,which_quadrant_NULL,throw_score_NULL,trial_score_NULL,790,No,3,right,right,right,0,None,White,Female,High school or GED,Unsure,United States,20,255
